"protein_id","n_theoretical","n_observed","n_pepVet_valid","n_observed_and_valid","n_observed_and_invalid","detection_rate_all","detection_rate_valid","detection_rate_invalid","protein_length","composite_score","verdict"
"sp|A0A0A0MS01|TVG10_HUMAN Probable non-functional T cell receptor gamma variable 10 OS=Homo sapiens OX=9606 GN=TRGV10 PE=1 SV=2",31,0,14,0,0,0,0,0,119,0.856517755489292,"Good"
"sp|A0A0B4J273|TVA34_HUMAN T cell receptor alpha variable 34 OS=Homo sapiens OX=9606 GN=TRAV34 PE=3 SV=1",21,0,9,0,0,0,0,0,112,0.73475,"Good"
"sp|A0A0B4J2F0|PIOS1_HUMAN Protein PIGBOS1 OS=Homo sapiens OX=9606 GN=PIGBOS1 PE=1 SV=1",17,5,0,0,5,0.294117647058824,NA,0.294117647058824,54,0.227960784313725,"Poor"
"sp|A0A0B4J2H0|HV69D_HUMAN Immunoglobulin heavy variable 1-69D OS=Homo sapiens OX=9606 GN=IGHV1-69D PE=1 SV=1",17,10,7,6,4,0.588235294117647,0.857142857142857,0.4,117,0.808480643539467,"Good"
"sp|A0A1B0GUY1|MRCOL_HUMAN MARCO-like protein OS=Homo sapiens OX=9606 GN=MARCOL PE=2 SV=1",39,6,4,3,3,0.153846153846154,0.75,0.0857142857142857,285,0.502530634278003,"Moderate"
"sp|A0A1B0GVR7|F240C_HUMAN Protein FAM240C OS=Homo sapiens OX=9606 GN=FAM240C PE=3 SV=1",41,5,11,3,2,0.121951219512195,0.272727272727273,0.0666666666666667,95,0.807608344030809,"Good"
"sp|A0A1B0GW54|SIM39_HUMAN Small integral membrane protein 39 OS=Homo sapiens OX=9606 GN=SMIM39 PE=3 SV=1",13,1,5,1,0,0.0769230769230769,0.2,0,56,0.830549450549451,"Good"
"sp|A0A1B0GX95|TVB74_HUMAN T cell receptor beta variable 7-4 OS=Homo sapiens OX=9606 GN=TRBV7-4 PE=3 SV=1",29,0,9,0,0,0,0,0,115,0.798538059541658,"Good"
"sp|A0A1W2PQJ5|S72L3_HUMAN RNA polymerase II subunit A C-terminal domain phosphatase SSU72 like protein 3 OS=Homo sapiens OX=9606 GN=SSU72L3 PE=3 SV=1",39,8,10,4,4,0.205128205128205,0.4,0.137931034482759,194,0.617586042823156,"Moderate"
"sp|A0A1W2PRV1|TFKL3_HUMAN TATA-box-binding protein-associated factor 11-like protein 3 OS=Homo sapiens OX=9606 GN=TAF11L3 PE=2 SV=1",59,2,13,2,0,0.0338983050847458,0.153846153846154,0,198,0.625848125321007,"Moderate"
"sp|A0JNW5|BLT3B_HUMAN Bridge-like lipid transfer protein family member 3B OS=Homo sapiens OX=9606 GN=BLTP3B PE=1 SV=2",303,136,119,84,52,0.448844884488449,0.705882352941177,0.282608695652174,1464,0.788113479298264,"Good"
"sp|A0PJX0|CIB4_HUMAN Calcium and integrin-binding family member 4 OS=Homo sapiens OX=9606 GN=CIB4 PE=1 SV=1",33,2,14,1,1,0.0606060606060606,0.0714285714285714,0.0526315789473684,185,0.778714291564292,"Good"
"sp|A0PJX4|SHSA3_HUMAN Protein shisa-3 homolog OS=Homo sapiens OX=9606 GN=SHISA3 PE=1 SV=1",31,8,9,5,3,0.258064516129032,0.555555555555556,0.136363636363636,238,0.588490720159031,"Moderate"
"sp|A1A5B4|ANO9_HUMAN Anoctamin-9 OS=Homo sapiens OX=9606 GN=ANO9 PE=1 SV=3",171,26,35,13,13,0.152046783625731,0.371428571428571,0.0955882352941176,782,0.55858779866367,"Moderate"
"sp|A2A2Z9|AN18B_HUMAN Ankyrin repeat domain-containing protein 18B OS=Homo sapiens OX=9606 GN=ANKRD18B PE=1 SV=1",355,8,97,4,4,0.0225352112676056,0.0412371134020619,0.0155038759689922,1011,0.778088236334235,"Good"
"sp|A6NDV4|TMM8B_HUMAN Transmembrane protein 8B OS=Homo sapiens OX=9606 GN=TMEM8B PE=1 SV=2",63,2,18,2,0,0.0317460317460317,0.111111111111111,0,472,0.633392520850148,"Moderate"
"sp|A6NDY2|F90AA_HUMAN Putative protein FAM90A10 OS=Homo sapiens OX=9606 GN=FAM90A10 PE=5 SV=1",105,0,30,0,0,0,0,0,464,0.698918095238095,"Good"
"sp|A6NFA0|S31F3_HUMAN Protein SPATA31F3 OS=Homo sapiens OX=9606 GN=SPATA31F3 PE=3 SV=2",77,21,20,9,12,0.272727272727273,0.45,0.210526315789474,338,0.707473020906219,"Good"
"sp|A6NFA1|TIKI2_HUMAN Metalloprotease TIKI2 OS=Homo sapiens OX=9606 GN=TRABD2B PE=1 SV=2",79,10,22,9,1,0.126582278481013,0.409090909090909,0.0175438596491228,517,0.54558689647928,"Moderate"
"sp|A6NHS7|MANS4_HUMAN MANSC domain-containing protein 4 OS=Homo sapiens OX=9606 GN=MANSC4 PE=3 SV=3",65,0,17,0,0,0,0,0,340,0.584410282415353,"Moderate"
"sp|A6NHX0|CAST2_HUMAN Cytosolic arginine sensor for mTORC1 subunit 2 OS=Homo sapiens OX=9606 GN=CASTOR2 PE=1 SV=3",43,18,14,11,7,0.418604651162791,0.785714285714286,0.241379310344828,329,0.666004791791453,"Good"
"sp|A6NN90|CB081_HUMAN Uncharacterized protein C2orf81 OS=Homo sapiens OX=9606 GN=C2orf81 PE=3 SV=3",109,14,31,10,4,0.128440366972477,0.32258064516129,0.0512820512820513,582,0.591583210808549,"Moderate"
"sp|A8MPX8|PP2D1_HUMAN Protein phosphatase 2C-like domain-containing protein 1 OS=Homo sapiens OX=9606 GN=PP2D1 PE=2 SV=2",147,5,55,5,0,0.0340136054421769,0.0909090909090909,0,630,0.781314285714286,"Good"
"sp|A8MUZ8|Z705G_HUMAN Putative zinc finger protein 705G OS=Homo sapiens OX=9606 GN=ZNF705G PE=2 SV=2",81,0,30,0,0,0,0,0,300,0.813335185185185,"Good"
"sp|A8MVW5|HECA2_HUMAN HEPACAM family member 2 OS=Homo sapiens OX=9606 GN=HEPACAM2 PE=1 SV=1",67,19,17,11,8,0.283582089552239,0.647058823529412,0.16,462,0.558054128707114,"Moderate"
"sp|A8MWX3|WASH4_HUMAN Putative WAS protein family homolog 4 OS=Homo sapiens OX=9606 GN=WASH4P PE=5 SV=1",105,19,31,15,4,0.180952380952381,0.483870967741935,0.0540540540540541,477,0.64629606811278,"Moderate"
"sp|A8MXT2|MAGBH_HUMAN Melanoma-associated antigen B17 OS=Homo sapiens OX=9606 GN=MAGEB17 PE=4 SV=3",101,9,28,9,0,0.0891089108910891,0.321428571428571,0,336,0.725732323589502,"Good"
"sp|A8MXZ3|KRA91_HUMAN Keratin-associated protein 9-1 OS=Homo sapiens OX=9606 GN=KRTAP9-1 PE=3 SV=1",19,1,6,1,0,0.0526315789473684,0.166666666666667,0,250,0.570336561403509,"Moderate"
"sp|A8MZ59|LEUTX_HUMAN Paired-like homeodomain transcription factor LEUTX OS=Homo sapiens OX=9606 GN=LEUTX PE=1 SV=4",47,0,7,0,0,0,0,0,198,0.468920696324952,"Moderate"
"sp|B2RU33|POTEC_HUMAN POTE ankyrin domain family member C OS=Homo sapiens OX=9606 GN=POTEC PE=2 SV=2",147,10,41,5,5,0.0680272108843537,0.121951219512195,0.0471698113207547,542,0.741320431462435,"Good"
"sp|C0HM98|DDUP_HUMAN DNA damage up-regulated protein OS=Homo sapiens OX=9606 GN=CTBP1-DT PE=1 SV=1",27,0,13,0,0,0,0,0,186,0.706216487455197,"Good"
"sp|H3BNL8|ARMD2_HUMAN Armadillo-like helical domain-containing protein 2 OS=Homo sapiens OX=9606 GN=ARMH2 PE=4 SV=1",57,6,11,1,5,0.105263157894737,0.0909090909090909,0.108695652173913,230,0.648866971777269,"Moderate"
"sp|J3KSC0|CR064_HUMAN Putative uncharacterized protein encoded by LINC01387 OS=Homo sapiens OX=9606 GN=LINC01387 PE=5 SV=1",31,0,13,0,0,0,0,0,135,0.788640143369176,"Good"
"sp|O00232|PSD12_HUMAN 26S proteasome non-ATPase regulatory subunit 12 OS=Homo sapiens OX=9606 GN=PSMD12 PE=1 SV=3",135,69,59,54,15,0.511111111111111,0.915254237288136,0.197368421052632,456,0.850667325219957,"Good"
"sp|O00270|GPR31_HUMAN 12-(S)-hydroxy-5,8,10,14-eicosatetraenoic acid receptor OS=Homo sapiens OX=9606 GN=GPR31 PE=1 SV=2",53,0,6,0,0,0,0,0,319,0.383736592620132,"Poor"
"sp|O00338|ST1C2_HUMAN Sulfotransferase 1C2 OS=Homo sapiens OX=9606 GN=SULT1C2 PE=1 SV=1",77,35,34,25,10,0.454545454545455,0.735294117647059,0.232558139534884,296,0.822763128176172,"Good"
"sp|O00626|CCL22_HUMAN C-C motif chemokine 22 OS=Homo sapiens OX=9606 GN=CCL22 PE=1 SV=2",23,3,7,3,0,0.130434782608696,0.428571428571429,0,93,0.600268038023999,"Moderate"
"sp|O14925|TIM23_HUMAN Mitochondrial import inner membrane translocase subunit Tim23 OS=Homo sapiens OX=9606 GN=TIMM23 PE=1 SV=1",31,15,9,8,7,0.483870967741935,0.888888888888889,0.318181818181818,209,0.725438780235045,"Good"
"sp|O15031|PLXB2_HUMAN Plexin-B2 OS=Homo sapiens OX=9606 GN=PLXNB2 PE=1 SV=3",369,196,139,121,75,0.531165311653117,0.870503597122302,0.326086956521739,1838,0.743754441640101,"Good"
"sp|O15243|OBRG_HUMAN Leptin receptor gene-related protein OS=Homo sapiens OX=9606 GN=LEPROT PE=1 SV=1",15,3,2,2,1,0.2,1,0.0769230769230769,131,0.452852417302799,"Moderate"
"sp|O15403|MOT7_HUMAN Monocarboxylate transporter 7 OS=Homo sapiens OX=9606 GN=SLC16A6 PE=1 SV=2",81,26,18,15,11,0.320987654320988,0.833333333333333,0.174603174603175,523,0.561165935968995,"Moderate"
"sp|O43255|SIAH2_HUMAN E3 ubiquitin-protein ligase SIAH2 OS=Homo sapiens OX=9606 GN=SIAH2 PE=1 SV=1",33,7,10,5,2,0.212121212121212,0.5,0.0869565217391304,324,0.547756519442794,"Moderate"
"sp|O43313|ATMIN_HUMAN ATM interactor OS=Homo sapiens OX=9606 GN=ATMIN PE=1 SV=2",105,21,26,10,11,0.2,0.384615384615385,0.139240506329114,823,0.549321691835908,"Moderate"
"sp|O43615|TIM44_HUMAN Mitochondrial import inner membrane translocase subunit TIM44 OS=Homo sapiens OX=9606 GN=TIMM44 PE=1 SV=2",141,58,48,35,23,0.411347517730496,0.729166666666667,0.247311827956989,452,0.824159571687454,"Good"
"sp|O43766|LIAS_HUMAN Lipoyl synthase, mitochondrial OS=Homo sapiens OX=9606 GN=LIAS PE=1 SV=3",111,26,39,16,10,0.234234234234234,0.41025641025641,0.138888888888889,372,0.777923464939594,"Good"
"sp|O60242|AGRB3_HUMAN Adhesion G protein-coupled receptor B3 OS=Homo sapiens OX=9606 GN=ADGRB3 PE=1 SV=2",295,83,102,55,28,0.28135593220339,0.53921568627451,0.145077720207254,1522,0.692984092744646,"Good"
"sp|O60256|KPRB_HUMAN Phosphoribosyl pyrophosphate synthase-associated protein 2 OS=Homo sapiens OX=9606 GN=PRPSAP2 PE=1 SV=1",87,47,38,30,17,0.540229885057471,0.789473684210526,0.346938775510204,369,0.855975329408466,"Good"
"sp|O60269|GRIN2_HUMAN G protein-regulated inducer of neurite outgrowth 2 OS=Homo sapiens OX=9606 GN=GPRIN2 PE=1 SV=2",65,15,19,10,5,0.230769230769231,0.526315789473684,0.108695652173913,458,0.64600381496233,"Moderate"
"sp|O60292|SI1L3_HUMAN Signal-induced proliferation-associated 1-like protein 3 OS=Homo sapiens OX=9606 GN=SIPA1L3 PE=1 SV=3",391,168,132,87,81,0.429667519181586,0.659090909090909,0.312741312741313,1781,0.764485621427724,"Good"
"sp|O60462|NRP2_HUMAN Neuropilin-2 OS=Homo sapiens OX=9606 GN=NRP2 PE=1 SV=3",163,77,68,50,27,0.47239263803681,0.735294117647059,0.284210526315789,931,0.759219000483629,"Good"
"sp|O60493|SNX3_HUMAN Sorting nexin-3 OS=Homo sapiens OX=9606 GN=SNX3 PE=1 SV=3",47,28,19,16,12,0.595744680851064,0.842105263157895,0.428571428571429,162,0.779391483927067,"Good"
"sp|O60641|AP180_HUMAN Clathrin coat assembly protein AP180 OS=Homo sapiens OX=9606 GN=SNAP91 PE=1 SV=2",95,45,37,29,16,0.473684210526316,0.783783783783784,0.275862068965517,907,0.521653929682166,"Moderate"
"sp|O60884|DNJA2_HUMAN DnaJ homolog subfamily A member 2 OS=Homo sapiens OX=9606 GN=DNAJA2 PE=1 SV=1",109,52,29,24,28,0.477064220183486,0.827586206896552,0.35,412,0.714821080832796,"Good"
"sp|O71037|ENK19_HUMAN Endogenous retrovirus group K member 19 Env polyprotein OS=Homo sapiens OX=9606 GN=ERVK-19 PE=1 SV=2",135,8,32,3,5,0.0592592592592593,0.09375,0.0485436893203883,699,0.592721166291982,"Moderate"
"sp|O75081|MTG16_HUMAN Protein CBFA2T3 OS=Homo sapiens OX=9606 GN=CBFA2T3 PE=1 SV=2",147,50,48,27,23,0.340136054421769,0.5625,0.232323232323232,653,0.711870116990134,"Good"
"sp|O75122|CLAP2_HUMAN CLIP-associating protein 2 OS=Homo sapiens OX=9606 GN=CLASP2 PE=1 SV=3",303,160,116,90,70,0.528052805280528,0.775862068965517,0.374331550802139,1294,0.799722451653015,"Good"
"sp|O75145|LIPA3_HUMAN Liprin-alpha-3 OS=Homo sapiens OX=9606 GN=PPFIA3 PE=1 SV=3",327,146,99,72,74,0.446483180428135,0.727272727272727,0.324561403508772,1194,0.761836431064369,"Good"
"sp|O75159|SOCS5_HUMAN Suppressor of cytokine signaling 5 OS=Homo sapiens OX=9606 GN=SOCS5 PE=1 SV=1",141,13,28,9,4,0.0921985815602837,0.321428571428571,0.0353982300884956,536,0.599072298084048,"Moderate"
"sp|O75365|TP4A3_HUMAN Protein tyrosine phosphatase type IVA 3 OS=Homo sapiens OX=9606 GN=PTP4A3 PE=1 SV=2",51,18,19,13,5,0.352941176470588,0.684210526315789,0.15625,173,0.824074602994698,"Good"
"sp|O75417|DPOLQ_HUMAN DNA polymerase theta OS=Homo sapiens OX=9606 GN=POLQ PE=1 SV=2",593,140,216,89,51,0.236087689713322,0.412037037037037,0.135278514588859,2590,0.737494111878439,"Good"
"sp|O75439|MPPB_HUMAN Mitochondrial-processing peptidase subunit beta OS=Homo sapiens OX=9606 GN=PMPCB PE=1 SV=2",105,55,51,41,14,0.523809523809524,0.803921568627451,0.259259259259259,489,0.782874575556865,"Good"
"sp|O75525|KHDR3_HUMAN KH domain-containing, RNA-binding, signal transduction-associated protein 3 OS=Homo sapiens OX=9606 GN=KHDRBS3 PE=1 SV=1",93,31,32,18,13,0.333333333333333,0.5625,0.213114754098361,346,0.741360016430345,"Good"
"sp|O75526|RMXL2_HUMAN RNA-binding motif protein, X-linked-like-2 OS=Homo sapiens OX=9606 GN=RBMXL2 PE=1 SV=3",147,35,28,10,25,0.238095238095238,0.357142857142857,0.210084033613445,392,0.788519652305367,"Good"
"sp|O75528|TADA3_HUMAN Transcriptional adapter 3 OS=Homo sapiens OX=9606 GN=TADA3 PE=1 SV=1",139,53,31,25,28,0.381294964028777,0.806451612903226,0.259259259259259,432,0.695744425149535,"Good"
"sp|O75618|DEDD_HUMAN Death effector domain-containing protein OS=Homo sapiens OX=9606 GN=DEDD PE=1 SV=1",95,27,39,20,7,0.284210526315789,0.512820512820513,0.125,318,0.846902270314694,"Good"
"sp|O75626|PRDM1_HUMAN PR domain zinc finger protein 1 OS=Homo sapiens OX=9606 GN=PRDM1 PE=1 SV=2",181,51,68,31,20,0.281767955801105,0.455882352941176,0.176991150442478,825,0.768775999323689,"Good"
"sp|O75841|UPK1B_HUMAN Uroplakin-1b OS=Homo sapiens OX=9606 GN=UPK1B PE=1 SV=5",35,13,8,7,6,0.371428571428571,0.875,0.222222222222222,260,0.596565567765568,"Moderate"
"sp|O76031|CLPX_HUMAN ATP-dependent Clp protease ATP-binding subunit clpX-like, mitochondrial OS=Homo sapiens OX=9606 GN=CLPX PE=1 SV=2",163,87,66,52,35,0.533742331288344,0.787878787878788,0.360824742268041,633,0.81012262145168,"Good"
"sp|O76082|S22A5_HUMAN Organic cation/carnitine transporter 2 OS=Homo sapiens OX=9606 GN=SLC22A5 PE=1 SV=1",89,25,24,21,4,0.280898876404494,0.875,0.0615384615384615,557,0.58378436554054,"Moderate"
"sp|O94864|ST65G_HUMAN STAGA complex 65 subunit gamma OS=Homo sapiens OX=9606 GN=SUPT7L PE=1 SV=1",69,29,14,11,18,0.420289855072464,0.785714285714286,0.327272727272727,414,0.479847826086957,"Moderate"
"sp|O94979|SC31A_HUMAN Protein transport protein Sec31A OS=Homo sapiens OX=9606 GN=SEC31A PE=1 SV=3",197,108,64,62,46,0.548223350253807,0.96875,0.345864661654135,1220,0.625767851571975,"Moderate"
"sp|O95202|LETM1_HUMAN Mitochondrial proton/calcium exchanger protein OS=Homo sapiens OX=9606 GN=LETM1 PE=1 SV=1",215,81,74,57,24,0.376744186046512,0.77027027027027,0.170212765957447,739,0.78945683730975,"Good"
"sp|O95391|SLU7_HUMAN Pre-mRNA-splicing factor SLU7 OS=Homo sapiens OX=9606 GN=SLU7 PE=1 SV=2",201,83,36,29,54,0.412935323383085,0.805555555555556,0.327272727272727,586,0.726138228476307,"Good"
"sp|O95450|ATS2_HUMAN A disintegrin and metalloproteinase with thrombospondin motifs 2 OS=Homo sapiens OX=9606 GN=ADAMTS2 PE=2 SV=2",251,62,89,41,21,0.247011952191235,0.460674157303371,0.12962962962963,1211,0.740399415641407,"Good"
"sp|O95471|CLD7_HUMAN Claudin-7 OS=Homo sapiens OX=9606 GN=CLDN7 PE=1 SV=4",31,8,3,3,5,0.258064516129032,1,0.178571428571429,211,0.393392906283443,"Poor"
"sp|O95998|I18BP_HUMAN Interleukin-18-binding protein OS=Homo sapiens OX=9606 GN=IL18BP PE=1 SV=2",25,9,8,5,4,0.36,0.625,0.235294117647059,194,0.709450171821306,"Good"
"sp|P01137|TGFB1_HUMAN Transforming growth factor beta-1 proprotein OS=Homo sapiens OX=9606 GN=TGFB1 PE=1 SV=3",91,36,36,26,10,0.395604395604396,0.722222222222222,0.181818181818182,390,0.766178499761108,"Good"
"sp|P01737|TVA84_HUMAN T cell receptor alpha variable 8-4 OS=Homo sapiens OX=9606 GN=TRAV8-4 PE=2 SV=2",13,4,6,4,0,0.307692307692308,0.666666666666667,0,113,0.76711329378586,"Good"
"sp|P01768|HV330_HUMAN Immunoglobulin heavy variable 3-30 OS=Homo sapiens OX=9606 GN=IGHV3-30 PE=1 SV=2",23,14,13,10,4,0.608695652173913,0.769230769230769,0.4,117,0.884296675191816,"Good"
"sp|P02647|APOA1_HUMAN Apolipoprotein A-I OS=Homo sapiens OX=9606 GN=APOA1 PE=1 SV=1",77,51,28,28,23,0.662337662337662,1,0.469387755102041,267,0.847543759611175,"Good"
"sp|P04054|PA21B_HUMAN Phospholipase A2 OS=Homo sapiens OX=9606 GN=PLA2G1B PE=1 SV=3",35,13,6,6,7,0.371428571428571,1,0.241379310344828,148,0.604318978318978,"Moderate"
"sp|P04259|K2C6B_HUMAN Keratin, type II cytoskeletal 6B OS=Homo sapiens OX=9606 GN=KRT6B PE=1 SV=5",133,86,54,53,33,0.646616541353383,0.981481481481482,0.417721518987342,564,0.745563070884268,"Good"
"sp|P05108|CP11A_HUMAN Cholesterol side-chain cleavage enzyme, mitochondrial OS=Homo sapiens OX=9606 GN=CYP11A1 PE=1 SV=2",117,51,51,34,17,0.435897435897436,0.666666666666667,0.257575757575758,521,0.805188597597487,"Good"
"sp|P05156|CFAI_HUMAN Complement factor I OS=Homo sapiens OX=9606 GN=CFI PE=1 SV=2",135,67,55,52,15,0.496296296296296,0.945454545454545,0.1875,583,0.768646730138141,"Good"
"sp|P05362|ICAM1_HUMAN Intercellular adhesion molecule 1 OS=Homo sapiens OX=9606 GN=ICAM1 PE=1 SV=2",99,53,36,32,21,0.535353535353535,0.888888888888889,0.333333333333333,532,0.673136363636364,"Good"
"sp|P05549|AP2A_HUMAN Transcription factor AP-2-alpha OS=Homo sapiens OX=9606 GN=TFAP2A PE=1 SV=1",87,37,27,22,15,0.425287356321839,0.814814814814815,0.25,437,0.65055915860919,"Good"
"sp|P06276|CHLE_HUMAN Cholinesterase OS=Homo sapiens OX=9606 GN=BCHE PE=1 SV=1",117,54,36,28,26,0.461538461538462,0.777777777777778,0.320987654320988,602,0.696312173191319,"Good"
"sp|P07311|ACYP1_HUMAN Acylphosphatase-1 OS=Homo sapiens OX=9606 GN=ACYP1 PE=1 SV=2",27,18,11,9,9,0.666666666666667,0.818181818181818,0.5625,99,0.864698412698413,"Good"
"sp|P07476|INVO_HUMAN Involucrin OS=Homo sapiens OX=9606 GN=IVL PE=1 SV=2",95,62,11,9,53,0.652631578947368,0.818181818181818,0.630952380952381,585,0.731195976720648,"Good"
"sp|P08294|SODE_HUMAN Extracellular superoxide dismutase [Cu-Zn] OS=Homo sapiens OX=9606 GN=SOD3 PE=1 SV=2",49,21,11,9,12,0.428571428571429,0.818181818181818,0.315789473684211,240,0.62452925170068,"Moderate"
"sp|P08686|CP21A_HUMAN Steroid 21-hydroxylase OS=Homo sapiens OX=9606 GN=CYP21A2 PE=1 SV=2",95,38,34,21,17,0.4,0.617647058823529,0.278688524590164,495,0.701516740393006,"Good"
"sp|P08700|IL3_HUMAN Interleukin-3 OS=Homo sapiens OX=9606 GN=IL3 PE=1 SV=2",27,1,9,1,0,0.037037037037037,0.111111111111111,0,152,0.700836782126256,"Good"
"sp|P09211|GSTP1_HUMAN Glutathione S-transferase P OS=Homo sapiens OX=9606 GN=GSTP1 PE=1 SV=2",35,24,21,19,5,0.685714285714286,0.904761904761905,0.357142857142857,210,0.81687619047619,"Good"
"sp|P09234|RU1C_HUMAN U1 small nuclear ribonucleoprotein C OS=Homo sapiens OX=9606 GN=SNRPC PE=1 SV=1",25,9,7,6,3,0.36,0.857142857142857,0.166666666666667,159,0.611267295597484,"Moderate"
"sp|P0C7M7|ACSM4_HUMAN Acyl-coenzyme A synthetase ACSM4, mitochondrial OS=Homo sapiens OX=9606 GN=ACSM4 PE=2 SV=1",129,10,49,5,5,0.0775193798449612,0.102040816326531,0.0625,580,0.775361650706794,"Good"
"sp|P0CW01|TSPYA_HUMAN Testis-specific Y-encoded protein 10 OS=Homo sapiens OX=9606 GN=TSPY10 PE=1 SV=2",61,13,10,6,7,0.213114754098361,0.6,0.137254901960784,308,0.537229031296572,"Moderate"
"sp|P0DMV9|HS71B_HUMAN Heat shock 70 kDa protein 1B OS=Homo sapiens OX=9606 GN=HSPA1B PE=1 SV=1",161,95,56,56,39,0.590062111801242,1,0.371428571428571,641,0.721025033074836,"Good"
"sp|P0DOX5|IGG1_HUMAN Immunoglobulin gamma-1 heavy chain OS=Homo sapiens OX=9606 PE=1 SV=2",83,49,32,27,22,0.590361445783133,0.84375,0.431372549019608,449,0.76720733185831,"Good"
"sp|P0DOX6|IGM_HUMAN Immunoglobulin mu heavy chain OS=Homo sapiens OX=9606 PE=1 SV=2",103,53,48,34,19,0.514563106796116,0.708333333333333,0.345454545454545,576,0.791461669156087,"Good"
"sp|P0DP23|CALM1_HUMAN Calmodulin-1 OS=Homo sapiens OX=9606 GN=CALM1 PE=1 SV=1",23,18,11,10,8,0.782608695652174,0.909090909090909,0.666666666666667,149,0.771987452582434,"Good"
"sp|P0DP58|LYNX1_HUMAN Ly-6/neurotoxin-like protein 1 OS=Homo sapiens OX=9606 GN=LYNX1 PE=1 SV=1",15,4,4,2,2,0.266666666666667,0.5,0.181818181818182,116,0.492493431855501,"Moderate"
"sp|P0DPA2|VSIG8_HUMAN V-set and immunoglobulin domain-containing protein 8 OS=Homo sapiens OX=9606 GN=VSIG8 PE=2 SV=1",69,20,17,9,11,0.289855072463768,0.529411764705882,0.211538461538462,414,0.590523671497585,"Moderate"
"sp|P0DV60|LCE7A_HUMAN Late cornified envelope protein 7A OS=Homo sapiens OX=9606 GN=LCE7A PE=3 SV=1",19,0,4,0,0,0,0,0,95,0.62846081871345,"Moderate"
"sp|P10966|CD8B_HUMAN T-cell surface glycoprotein CD8 beta chain OS=Homo sapiens OX=9606 GN=CD8B PE=1 SV=1",51,7,11,4,3,0.137254901960784,0.363636363636364,0.075,210,0.523653431372549,"Moderate"
"sp|P11047|LAMC1_HUMAN Laminin subunit gamma-1 OS=Homo sapiens OX=9606 GN=LAMC1 PE=1 SV=3",323,188,110,99,89,0.582043343653251,0.9,0.417840375586854,1609,0.697284131848443,"Good"
"sp|P11161|EGR2_HUMAN E3 SUMO-protein ligase EGR2 OS=Homo sapiens OX=9606 GN=EGR2 PE=1 SV=3",73,18,13,8,10,0.246575342465753,0.615384615384615,0.166666666666667,476,0.474035858178888,"Moderate"
"sp|P12036|NFH_HUMAN Neurofilament heavy polypeptide OS=Homo sapiens OX=9606 GN=NEFH PE=1 SV=4",401,162,56,53,109,0.403990024937656,0.946428571428571,0.315942028985507,1026,0.716270479129519,"Good"
"sp|P13073|COX41_HUMAN Cytochrome c oxidase subunit 4 isoform 1, mitochondrial OS=Homo sapiens OX=9606 GN=COX4I1 PE=1 SV=1",55,29,18,17,12,0.527272727272727,0.944444444444444,0.324324324324324,169,0.825120889367043,"Good"
"sp|P13716|HEM2_HUMAN Delta-aminolevulinic acid dehydratase OS=Homo sapiens OX=9606 GN=ALAD PE=1 SV=1",67,40,32,28,12,0.597014925373134,0.875,0.342857142857143,330,0.759019438691709,"Good"
"sp|P14174|MIF_HUMAN Macrophage migration inhibitory factor OS=Homo sapiens OX=9606 GN=MIF PE=1 SV=4",15,9,5,4,5,0.6,0.8,0.5,115,0.591421014492754,"Moderate"
"sp|P14778|IL1R1_HUMAN Interleukin-1 receptor type 1 OS=Homo sapiens OX=9606 GN=IL1R1 PE=1 SV=1",137,38,45,25,13,0.277372262773723,0.555555555555556,0.141304347826087,569,0.759796403654177,"Good"
"sp|P15812|CD1E_HUMAN T-cell surface glycoprotein CD1e, membrane-associated OS=Homo sapiens OX=9606 GN=CD1E PE=1 SV=2",65,17,19,14,3,0.261538461538462,0.736842105263158,0.0652173913043478,388,0.596286497008147,"Moderate"
"sp|P15863|PAX1_HUMAN Paired box protein Pax-1 OS=Homo sapiens OX=9606 GN=PAX1 PE=1 SV=4",93,19,37,17,2,0.204301075268817,0.459459459459459,0.0357142857142857,534,0.734691582369545,"Good"
"sp|P15884|ITF2_HUMAN Transcription factor 4 OS=Homo sapiens OX=9606 GN=TCF4 PE=1 SV=3",113,44,22,21,23,0.389380530973451,0.954545454545455,0.252747252747253,667,0.573596109319971,"Moderate"
"sp|P19012|K1C15_HUMAN Keratin, type I cytoskeletal 15 OS=Homo sapiens OX=9606 GN=KRT15 PE=1 SV=3",91,63,46,41,22,0.692307692307692,0.891304347826087,0.488888888888889,456,0.803594447657606,"Good"
"sp|P19957|ELAF_HUMAN Elafin OS=Homo sapiens OX=9606 GN=PI3 PE=1 SV=3",29,14,12,11,3,0.482758620689655,0.916666666666667,0.176470588235294,117,0.764614058355438,"Good"
"sp|P20648|ATP4A_HUMAN Potassium-transporting ATPase alpha chain 1 OS=Homo sapiens OX=9606 GN=ATP4A PE=1 SV=5",195,69,71,40,29,0.353846153846154,0.563380281690141,0.233870967741935,1035,0.712302943143813,"Good"
"sp|P21145|MAL_HUMAN Myelin and lymphocyte protein OS=Homo sapiens OX=9606 GN=MAL PE=1 SV=1",7,2,0,0,2,0.285714285714286,NA,0.285714285714286,153,0,"Poor"
"sp|P21506|ZNF10_HUMAN Zinc finger protein 10 OS=Homo sapiens OX=9606 GN=ZNF10 PE=1 SV=3",141,23,49,16,7,0.163120567375887,0.326530612244898,0.0760869565217391,573,0.79711414873324,"Good"
"sp|P21980|TGM2_HUMAN Protein-glutamine gamma-glutamyltransferase 2 OS=Homo sapiens OX=9606 GN=TGM2 PE=1 SV=2",141,89,40,38,51,0.631205673758865,0.95,0.504950495049505,687,0.672313991470415,"Good"
"sp|P22033|MUTA_HUMAN Methylmalonyl-CoA mutase, mitochondrial OS=Homo sapiens OX=9606 GN=MMUT PE=1 SV=4",173,80,65,52,28,0.46242774566474,0.8,0.259259259259259,750,0.765672954777287,"Good"
"sp|P22301|IL10_HUMAN Interleukin-10 OS=Homo sapiens OX=9606 GN=IL10 PE=1 SV=1",47,8,17,7,1,0.170212765957447,0.411764705882353,0.0333333333333333,178,0.761280375214872,"Good"
"sp|P22310|UD14_HUMAN UDP-glucuronosyltransferase 1A4 OS=Homo sapiens OX=9606 GN=UGT1A4 PE=1 SV=1",99,44,36,31,13,0.444444444444444,0.861111111111111,0.206349206349206,534,0.721842923618205,"Good"
"sp|P22607|FGFR3_HUMAN Fibroblast growth factor receptor 3 OS=Homo sapiens OX=9606 GN=FGFR3 PE=1 SV=1",143,49,54,33,16,0.342657342657343,0.611111111111111,0.179775280898876,806,0.68550394122007,"Good"
"sp|P23528|COF1_HUMAN Cofilin-1 OS=Homo sapiens OX=9606 GN=CFL1 PE=1 SV=3",55,29,18,17,12,0.527272727272727,0.944444444444444,0.324324324324324,166,0.819004068220936,"Good"
"sp|P23946|CMA1_HUMAN Chymase OS=Homo sapiens OX=9606 GN=CMA1 PE=1 SV=1",49,25,23,20,5,0.510204081632653,0.869565217391304,0.192307692307692,247,0.827349169627365,"Good"
"sp|P24310|CX7A1_HUMAN Cytochrome c oxidase subunit 7A1, mitochondrial OS=Homo sapiens OX=9606 GN=COX7A1 PE=1 SV=2",23,3,8,3,0,0.130434782608696,0.375,0,79,0.777053784960224,"Good"
"sp|P25025|CXCR2_HUMAN C-X-C chemokine receptor type 2 OS=Homo sapiens OX=9606 GN=CXCR2 PE=1 SV=2",61,13,9,6,7,0.213114754098361,0.666666666666667,0.134615384615385,360,0.602477227369922,"Moderate"
"sp|P26367|PAX6_HUMAN Paired box protein Pax-6 OS=Homo sapiens OX=9606 GN=PAX6 PE=1 SV=2",83,23,22,15,8,0.27710843373494,0.681818181818182,0.131147540983607,422,0.533234618569063,"Moderate"
"sp|P27708|PYR1_HUMAN Multifunctional protein CAD OS=Homo sapiens OX=9606 GN=CAD PE=1 SV=3",397,229,153,133,96,0.576826196473552,0.869281045751634,0.39344262295082,2225,0.709742410747824,"Good"
"sp|P29317|EPHA2_HUMAN Ephrin type-A receptor 2 OS=Homo sapiens OX=9606 GN=EPHA2 PE=1 SV=2",191,104,70,60,44,0.544502617801047,0.857142857142857,0.363636363636364,976,0.736068256364429,"Good"
"sp|P29373|RABP2_HUMAN Cellular retinoic acid-binding protein 2 OS=Homo sapiens OX=9606 GN=CRABP2 PE=1 SV=2",37,23,14,12,11,0.621621621621622,0.857142857142857,0.478260869565217,138,0.847707990599295,"Good"
"sp|P30953|OR1E1_HUMAN Olfactory receptor 1E1 OS=Homo sapiens OX=9606 GN=OR1E1 PE=3 SV=1",35,0,5,0,0,0,0,0,314,0.413672732787382,"Moderate"
"sp|P30990|NEUT_HUMAN Neurotensin/neuromedin N OS=Homo sapiens OX=9606 GN=NTS PE=1 SV=2",41,13,11,8,5,0.317073170731707,0.727272727272727,0.166666666666667,170,0.671173888091822,"Good"
"sp|P31997|CEAM8_HUMAN Carcinoembryonic antigen-related cell adhesion molecule 8 OS=Homo sapiens OX=9606 GN=CEACAM8 PE=1 SV=2",43,14,16,9,5,0.325581395348837,0.5625,0.185185185185185,349,0.65246840363386,"Good"
"sp|P32969|RL9_HUMAN Large ribosomal subunit protein uL6 OS=Homo sapiens OX=9606 GN=RPL9 PE=1 SV=1",67,28,21,21,7,0.417910447761194,1,0.152173913043478,192,0.683582282338308,"Good"
"sp|P35556|FBN2_HUMAN Fibrillin-2 OS=Homo sapiens OX=9606 GN=FBN2 PE=1 SV=3",407,218,182,146,72,0.535626535626536,0.802197802197802,0.32,2912,0.714194377919378,"Good"
"sp|P41212|ETV6_HUMAN Transcription factor ETV6 OS=Homo sapiens OX=9606 GN=ETV6 PE=1 SV=1",101,46,29,24,22,0.455445544554455,0.827586206896552,0.305555555555556,452,0.765033146577306,"Good"
"sp|P41225|SOX3_HUMAN Transcription factor SOX-3 OS=Homo sapiens OX=9606 GN=SOX3 PE=1 SV=2",73,14,17,5,9,0.191780821917808,0.294117647058824,0.160714285714286,446,0.470946473546111,"Moderate"
"sp|P41247|PLPL4_HUMAN Patatin-like phospholipase domain-containing protein 4 OS=Homo sapiens OX=9606 GN=PNPLA4 PE=1 SV=3",61,26,26,20,6,0.426229508196721,0.769230769230769,0.171428571428571,253,0.840431118022707,"Good"
"sp|P41273|TNFL9_HUMAN Tumor necrosis factor ligand superfamily member 9 OS=Homo sapiens OX=9606 GN=TNFSF9 PE=1 SV=1",41,14,21,14,0,0.341463414634146,0.666666666666667,0,254,0.769286529003599,"Good"
"sp|P42226|STAT6_HUMAN Signal transducer and activator of transcription 6 OS=Homo sapiens OX=9606 GN=STAT6 PE=1 SV=1",153,74,54,48,26,0.483660130718954,0.888888888888889,0.262626262626263,847,0.642373373475822,"Moderate"
"sp|P42658|DPP6_HUMAN Dipeptidyl aminopeptidase-like protein 6 OS=Homo sapiens OX=9606 GN=DPP6 PE=1 SV=2",177,74,70,46,28,0.418079096045198,0.657142857142857,0.261682242990654,865,0.768654234675549,"Good"
"sp|P43115|PE2R3_HUMAN Prostaglandin E2 receptor EP3 subtype OS=Homo sapiens OX=9606 GN=PTGER3 PE=1 SV=1",73,4,12,4,0,0.0547945205479452,0.333333333333333,0,390,0.438107341060766,"Moderate"
"sp|P43489|TNR4_HUMAN Tumor necrosis factor receptor superfamily member 4 OS=Homo sapiens OX=9606 GN=TNFRSF4 PE=1 SV=1",41,9,9,6,3,0.219512195121951,0.666666666666667,0.09375,277,0.533779064306888,"Moderate"
"sp|P46094|XCR1_HUMAN Chemokine XC receptor 1 OS=Homo sapiens OX=9606 GN=XCR1 PE=1 SV=1",47,1,7,1,0,0.0212765957446809,0.142857142857143,0,333,0.452639676150314,"Moderate"
"sp|P48145|NPBW1_HUMAN Neuropeptides B/W receptor type 1 OS=Homo sapiens OX=9606 GN=NPBWR1 PE=1 SV=2",53,0,9,0,0,0,0,0,328,0.452234065807639,"Moderate"
"sp|P49257|LMAN1_HUMAN Protein ERGIC-53 OS=Homo sapiens OX=9606 GN=LMAN1 PE=1 SV=2",113,61,23,21,40,0.539823008849557,0.91304347826087,0.444444444444444,510,0.663186114485125,"Good"
"sp|P49326|FMO5_HUMAN Flavin-containing monooxygenase 5 OS=Homo sapiens OX=9606 GN=FMO5 PE=1 SV=2",127,73,41,36,37,0.574803149606299,0.878048780487805,0.430232558139535,533,0.737638043375303,"Good"
"sp|P49747|COMP_HUMAN Cartilage oligomeric matrix protein OS=Homo sapiens OX=9606 GN=COMP PE=1 SV=2",129,77,36,30,47,0.596899224806202,0.833333333333333,0.505376344086022,757,0.68758193823113,"Good"
"sp|P50225|ST1A1_HUMAN Sulfotransferase 1A1 OS=Homo sapiens OX=9606 GN=SULT1A1 PE=1 SV=3",63,41,32,31,10,0.650793650793651,0.96875,0.32258064516129,295,0.849138163531384,"Good"
"sp|P51523|ZNF84_HUMAN Zinc finger protein 84 OS=Homo sapiens OX=9606 GN=ZNF84 PE=1 SV=2",193,66,50,28,38,0.341968911917098,0.56,0.265734265734266,738,0.821304182990016,"Good"
"sp|P51570|GALK1_HUMAN Galactokinase OS=Homo sapiens OX=9606 GN=GALK1 PE=1 SV=1",75,43,34,30,13,0.573333333333333,0.882352941176471,0.317073170731707,392,0.7320905285191,"Good"
"sp|P52743|ZN137_HUMAN Putative zinc finger protein 137 OS=Homo sapiens OX=9606 GN=ZNF137P PE=5 SV=1",67,3,19,1,2,0.0447761194029851,0.0526315789473684,0.0416666666666667,207,0.816189413182534,"Good"
"sp|P54257|HAP1_HUMAN Huntingtin-associated protein 1 OS=Homo sapiens OX=9606 GN=HAP1 PE=1 SV=3",139,4,51,3,1,0.0287769784172662,0.0588235294117647,0.0113636363636364,671,0.739399901708311,"Good"
"sp|P54296|MYOM2_HUMAN Myomesin-2 OS=Homo sapiens OX=9606 GN=MYOM2 PE=1 SV=3",337,186,143,115,71,0.551928783382789,0.804195804195804,0.365979381443299,1465,0.782469476130009,"Good"
"sp|P54710|ATNG_HUMAN Sodium/potassium-transporting ATPase subunit gamma OS=Homo sapiens OX=9606 GN=FXYD2 PE=1 SV=3",19,3,2,2,1,0.157894736842105,1,0.0588235294117647,66,0.6320997949419,"Moderate"
"sp|P55042|RAD_HUMAN GTP-binding protein RAD OS=Homo sapiens OX=9606 GN=RRAD PE=1 SV=2",89,24,20,14,10,0.269662921348315,0.7,0.144927536231884,308,0.706893243834817,"Good"
"sp|P55317|FOXA1_HUMAN Hepatocyte nuclear factor 3-alpha OS=Homo sapiens OX=9606 GN=FOXA1 PE=1 SV=2",59,22,14,11,11,0.372881355932203,0.785714285714286,0.244444444444444,472,0.547496315401621,"Moderate"
"sp|P55822|SH3BG_HUMAN SH3 domain-binding glutamic acid-rich protein OS=Homo sapiens OX=9606 GN=SH3BGR PE=2 SV=3",39,17,7,5,12,0.435897435897436,0.714285714285714,0.375,239,0.604903229267246,"Moderate"
"sp|P56178|DLX5_HUMAN Homeobox protein DLX-5 OS=Homo sapiens OX=9606 GN=DLX5 PE=1 SV=2",49,12,11,6,6,0.244897959183673,0.545454545454545,0.157894736842105,289,0.489448671109311,"Moderate"
"sp|P56211|ARP19_HUMAN cAMP-regulated phosphoprotein 19 OS=Homo sapiens OX=9606 GN=ARPP19 PE=1 SV=2",37,16,6,5,11,0.432432432432432,0.833333333333333,0.354838709677419,112,0.748246933908699,"Good"
"sp|P56915|GSC_HUMAN Homeobox protein goosecoid OS=Homo sapiens OX=9606 GN=GSC PE=1 SV=2",57,3,6,2,1,0.0526315789473684,0.333333333333333,0.0196078431372549,257,0.407470134480169,"Moderate"
"sp|P57789|KCNKA_HUMAN Potassium channel subfamily K member 10 OS=Homo sapiens OX=9606 GN=KCNK10 PE=1 SV=1",121,9,26,3,6,0.0743801652892562,0.115384615384615,0.0631578947368421,538,0.616801216627239,"Moderate"
"sp|P58401|NRX2B_HUMAN Neurexin-2-beta OS=Homo sapiens OX=9606 GN=NRXN2 PE=1 SV=1",107,25,33,18,7,0.233644859813084,0.545454545454545,0.0945945945945946,666,0.613772369164893,"Moderate"
"sp|P58505|CU058_HUMAN Uncharacterized protein C21orf58 OS=Homo sapiens OX=9606 GN=C21orf58 PE=2 SV=2",55,5,14,1,4,0.0909090909090909,0.0714285714285714,0.0975609756097561,322,0.552092490118577,"Moderate"
"sp|P59827|BPIB4_HUMAN BPI fold-containing family B member 4 OS=Homo sapiens OX=9606 GN=BPIFB4 PE=2 SV=2",91,28,23,14,14,0.307692307692308,0.608695652173913,0.205882352941176,614,0.666022141433131,"Good"
"sp|P59922|OR2B8_HUMAN Putative olfactory receptor 2B8 OS=Homo sapiens OX=9606 GN=OR2B8P PE=5 SV=1",41,0,4,0,0,0,0,0,312,0.307447467166979,"Poor"
"sp|P60880|SNP25_HUMAN Synaptosomal-associated protein 25 OS=Homo sapiens OX=9606 GN=SNAP25 PE=1 SV=1",59,37,19,17,20,0.627118644067797,0.894736842105263,0.5,206,0.839178172798677,"Good"
"sp|P61165|TM258_HUMAN Transmembrane protein 258 OS=Homo sapiens OX=9606 GN=TMEM258 PE=1 SV=1",9,2,1,0,2,0.222222222222222,0,0.25,79,0.378001406469761,"Poor"
"sp|P61574|RE113_HUMAN Endogenous retrovirus group K member 113 Rec protein OS=Homo sapiens OX=9606 GN=HERVK_113 PE=1 SV=1",29,3,6,2,1,0.103448275862069,0.333333333333333,0.0434782608695652,105,0.674553037766831,"Good"
"sp|P61587|RND3_HUMAN Rho-related GTP-binding protein RhoE OS=Homo sapiens OX=9606 GN=RND3 PE=1 SV=1",63,22,15,14,8,0.349206349206349,0.933333333333333,0.166666666666667,244,0.61344594067135,"Moderate"
"sp|P61952|GBG11_HUMAN Guanine nucleotide-binding protein G(I)/G(S)/G(O) subunit gamma-11 OS=Homo sapiens OX=9606 GN=GNG11 PE=1 SV=1",29,9,6,3,6,0.310344827586207,0.5,0.260869565217391,73,0.787507648704626,"Good"
"sp|P62508|ERR3_HUMAN Estrogen-related receptor gamma OS=Homo sapiens OX=9606 GN=ESRRG PE=1 SV=1",105,31,30,20,11,0.295238095238095,0.666666666666667,0.146666666666667,458,0.697926633773795,"Good"
"sp|P62683|GAK21_HUMAN Endogenous retrovirus group K member 21 Gag polyprotein OS=Homo sapiens OX=9606 GN=ERVK-21 PE=1 SV=2",149,10,47,7,3,0.0671140939597315,0.148936170212766,0.0294117647058824,666,0.68844717266657,"Good"
"sp|P62685|GAK8_HUMAN Endogenous retrovirus group K member 8 Gag polyprotein OS=Homo sapiens OX=9606 GN=ERVK-8 PE=1 SV=2",157,14,48,10,4,0.089171974522293,0.208333333333333,0.036697247706422,647,0.670887856520194,"Good"
"sp|P63098|CANB1_HUMAN Calcineurin subunit B type 1 OS=Homo sapiens OX=9606 GN=PPP3R1 PE=1 SV=2",39,20,11,11,9,0.512820512820513,1,0.321428571428571,170,0.647857056668821,"Moderate"
"sp|P78508|KCJ10_HUMAN ATP-sensitive inward rectifier potassium channel 10 OS=Homo sapiens OX=9606 GN=KCNJ10 PE=1 SV=1",71,18,22,12,6,0.253521126760563,0.545454545454545,0.122448979591837,379,0.585915823821985,"Moderate"
"sp|P81534|D103A_HUMAN Beta-defensin 103 OS=Homo sapiens OX=9606 GN=DEFB103A PE=1 SV=2",27,2,2,1,1,0.0740740740740741,0.5,0.04,67,0.332868435599779,"Poor"
"sp|P82664|RT10_HUMAN Small ribosomal subunit protein uS10m OS=Homo sapiens OX=9606 GN=MRPS10 PE=1 SV=2",53,23,22,13,10,0.433962264150943,0.590909090909091,0.32258064516129,201,0.858130291936544,"Good"
"sp|P98171|RHG04_HUMAN Rho GTPase-activating protein 4 OS=Homo sapiens OX=9606 GN=ARHGAP4 PE=1 SV=2",219,93,61,44,49,0.424657534246575,0.721311475409836,0.310126582278481,946,0.712882560070279,"Good"
"sp|Q00597|FANCC_HUMAN Fanconi anemia group C protein OS=Homo sapiens OX=9606 GN=FANCC PE=1 SV=1",101,25,38,15,10,0.247524752475248,0.394736842105263,0.158730158730159,558,0.734588990164525,"Good"
"sp|Q00765|REEP5_HUMAN Receptor expression-enhancing protein 5 OS=Homo sapiens OX=9606 GN=REEP5 PE=1 SV=3",45,21,18,17,4,0.466666666666667,0.944444444444444,0.148148148148148,189,0.671110052910053,"Good"
"sp|Q01740|FMO1_HUMAN Flavin-containing monooxygenase 1 OS=Homo sapiens OX=9606 GN=FMO1 PE=1 SV=3",101,42,38,28,14,0.415841584158416,0.736842105263158,0.222222222222222,532,0.729407440493423,"Good"
"sp|Q02086|SP2_HUMAN Transcription factor Sp2 OS=Homo sapiens OX=9606 GN=SP2 PE=1 SV=3",101,27,25,18,9,0.267326732673267,0.72,0.118421052631579,613,0.472667617725134,"Moderate"
"sp|Q02127|PYRD_HUMAN Dihydroorotate dehydrogenase (quinone), mitochondrial OS=Homo sapiens OX=9606 GN=DHODH PE=1 SV=3",95,41,46,36,5,0.431578947368421,0.782608695652174,0.102040816326531,395,0.839727716163081,"Good"
"sp|Q02386|ZNF45_HUMAN Zinc finger protein 45 OS=Homo sapiens OX=9606 GN=ZNF45 PE=1 SV=2",177,52,55,29,23,0.293785310734463,0.527272727272727,0.188524590163934,682,0.847484698795788,"Good"
"sp|Q03112|MECOM_HUMAN Histone-lysine N-methyltransferase MECOM OS=Homo sapiens OX=9606 GN=MECOM PE=1 SV=3",269,121,75,55,66,0.449814126394052,0.733333333333333,0.34020618556701,1230,0.717642589306403,"Good"
"sp|Q03393|PTPS_HUMAN 6-pyruvoyl tetrahydrobiopterin synthase OS=Homo sapiens OX=9606 GN=PTS PE=1 SV=1",33,19,13,13,6,0.575757575757576,1,0.3,145,0.787278787878788,"Good"
"sp|Q03591|FHR1_HUMAN Complement factor H-related protein 1 OS=Homo sapiens OX=9606 GN=CFHR1 PE=1 SV=2",67,36,19,17,19,0.537313432835821,0.894736842105263,0.395833333333333,330,0.660638675938489,"Good"
"sp|Q04637|IF4G1_HUMAN Eukaryotic translation initiation factor 4 gamma 1 OS=Homo sapiens OX=9606 GN=EIF4G1 PE=1 SV=4",349,172,67,62,110,0.492836676217765,0.925373134328358,0.390070921985816,1599,0.577348974376894,"Moderate"
"sp|Q06124|PTN11_HUMAN Tyrosine-protein phosphatase non-receptor type 11 OS=Homo sapiens OX=9606 GN=PTPN11 PE=1 SV=3",159,90,56,52,38,0.566037735849057,0.928571428571429,0.368932038834951,593,0.801555414920333,"Good"
"sp|Q06416|P5F1B_HUMAN Putative POU domain, class 5, transcription factor 1B OS=Homo sapiens OX=9606 GN=POU5F1B PE=5 SV=2",65,8,16,6,2,0.123076923076923,0.375,0.0408163265306122,359,0.476975819187518,"Moderate"
"sp|Q07092|COGA1_HUMAN Collagen alpha-1(XVI) chain OS=Homo sapiens OX=9606 GN=COL16A1 PE=1 SV=2",265,49,72,27,22,0.184905660377358,0.375,0.113989637305699,1604,0.657209595508085,"Good"
"sp|Q07699|SCN1B_HUMAN Sodium channel subunit beta-1 OS=Homo sapiens OX=9606 GN=SCN1B PE=1 SV=1",43,16,13,8,8,0.372093023255814,0.615384615384615,0.266666666666667,218,0.667815990069244,"Good"
"sp|Q0D2I5|IFFO1_HUMAN Non-homologous end joining factor IFFO1 OS=Homo sapiens OX=9606 GN=IFFO1 PE=1 SV=2",123,45,38,28,17,0.365853658536585,0.736842105263158,0.2,559,0.618933348200506,"Moderate"
"sp|Q0P140|YA037_HUMAN Putative uncharacterized protein HSD52 OS=Homo sapiens OX=9606 GN=HSD52 PE=5 SV=1",7,0,3,0,0,0,0,0,79,0.593735081374322,"Moderate"
"sp|Q10713|MPPA_HUMAN Mitochondrial-processing peptidase subunit alpha OS=Homo sapiens OX=9606 GN=PMPCA PE=1 SV=2",105,60,49,41,19,0.571428571428571,0.836734693877551,0.339285714285714,525,0.740640722495895,"Good"
"sp|Q12840|KIF5A_HUMAN Kinesin heavy chain isoform 5A OS=Homo sapiens OX=9606 GN=KIF5A PE=1 SV=2",283,125,97,71,54,0.441696113074205,0.731958762886598,0.290322580645161,1032,0.7944229571015,"Good"
"sp|Q13045|FLII_HUMAN Protein flightless-1 homolog OS=Homo sapiens OX=9606 GN=FLII PE=1 SV=2",301,148,93,84,64,0.491694352159468,0.903225806451613,0.307692307692308,1269,0.712635817988355,"Good"
"sp|Q13432|U119A_HUMAN Protein unc-119 homolog A OS=Homo sapiens OX=9606 GN=UNC119 PE=1 SV=1",53,23,21,15,8,0.433962264150943,0.714285714285714,0.25,240,0.771103234501348,"Good"
"sp|Q13444|ADA15_HUMAN Disintegrin and metalloproteinase domain-containing protein 15 OS=Homo sapiens OX=9606 GN=ADAM15 PE=1 SV=4",119,61,51,43,18,0.512605042016807,0.843137254901961,0.264705882352941,863,0.709303067214719,"Good"
"sp|Q13478|IL18R_HUMAN Interleukin-18 receptor 1 OS=Homo sapiens OX=9606 GN=IL18R1 PE=1 SV=1",131,38,43,24,14,0.290076335877863,0.558139534883721,0.159090909090909,541,0.747955082853679,"Good"
"sp|Q13595|TRA2A_HUMAN Transformer-2 protein homolog alpha OS=Homo sapiens OX=9606 GN=TRA2A PE=1 SV=1",115,37,14,14,23,0.321739130434783,1,0.227722772277228,282,0.67609812657718,"Good"
"sp|Q13619|CUL4A_HUMAN Cullin-4A OS=Homo sapiens OX=9606 GN=CUL4A PE=1 SV=3",207,115,89,79,36,0.555555555555556,0.887640449438202,0.305084745762712,759,0.825614319226196,"Good"
"sp|Q14119|VEZF1_HUMAN Vascular endothelial zinc finger 1 OS=Homo sapiens OX=9606 GN=VEZF1 PE=1 SV=2",91,43,26,22,21,0.472527472527473,0.846153846153846,0.323076923076923,521,0.627156675783163,"Moderate"
"sp|Q14191|WRN_HUMAN Bifunctional 3'-5' exonuclease/ATP-dependent helicase WRN OS=Homo sapiens OX=9606 GN=WRN PE=1 SV=2",353,147,120,92,55,0.41643059490085,0.766666666666667,0.236051502145923,1432,0.762488191051276,"Good"
"sp|Q14241|ELOA1_HUMAN Elongin-A OS=Homo sapiens OX=9606 GN=ELOA PE=1 SV=3",263,95,49,37,58,0.361216730038023,0.755102040816326,0.271028037383178,772,0.662830504862788,"Good"
"sp|Q14849|STAR3_HUMAN StAR-related lipid transfer protein 3 OS=Homo sapiens OX=9606 GN=STARD3 PE=1 SV=2",97,33,31,19,14,0.34020618556701,0.612903225806452,0.212121212121212,445,0.745196027582816,"Good"
"sp|Q14934|NFAC4_HUMAN Nuclear factor of activated T-cells, cytoplasmic 4 OS=Homo sapiens OX=9606 GN=NFATC4 PE=1 SV=2",143,68,54,43,25,0.475524475524476,0.796296296296296,0.280898876404494,902,0.713937188613697,"Good"
"sp|Q14CS0|UBX2B_HUMAN UBX domain-containing protein 2B OS=Homo sapiens OX=9606 GN=UBXN2B PE=1 SV=1",71,35,24,19,16,0.492957746478873,0.791666666666667,0.340425531914894,331,0.804174263471923,"Good"
"sp|Q15080|NCF4_HUMAN Neutrophil cytosol factor 4 OS=Homo sapiens OX=9606 GN=NCF4 PE=1 SV=2",95,48,34,28,20,0.505263157894737,0.823529411764706,0.327868852459016,339,0.825610918890146,"Good"
"sp|Q15437|SC23B_HUMAN Protein transport protein Sec23B OS=Homo sapiens OX=9606 GN=SEC23B PE=1 SV=2",137,86,43,36,50,0.627737226277372,0.837209302325581,0.531914893617021,767,0.747851849878028,"Good"
"sp|Q15517|CDSN_HUMAN Corneodesmosin OS=Homo sapiens OX=9606 GN=CDSN PE=1 SV=4",41,18,13,11,7,0.439024390243902,0.846153846153846,0.25,529,0.504488470126397,"Moderate"
"sp|Q16281|CNGA3_HUMAN Cyclic nucleotide-gated cation channel alpha-3 OS=Homo sapiens OX=9606 GN=CNGA3 PE=1 SV=2",177,21,52,12,9,0.11864406779661,0.230769230769231,0.072,694,0.76503519604491,"Good"
"sp|Q16348|S15A2_HUMAN Solute carrier family 15 member 2 OS=Homo sapiens OX=9606 GN=SLC15A2 PE=1 SV=2",117,39,29,23,16,0.333333333333333,0.793103448275862,0.181818181818182,729,0.600015511237733,"Moderate"
"sp|Q16570|ACKR1_HUMAN Atypical chemokine receptor 1 OS=Homo sapiens OX=9606 GN=ACKR1 PE=1 SV=3",25,2,3,2,0,0.08,0.666666666666667,0,336,0.374630952380952,"Poor"
"sp|Q17R89|RHG44_HUMAN Rho GTPase-activating protein 44 OS=Homo sapiens OX=9606 GN=ARHGAP44 PE=1 SV=1",155,58,49,37,21,0.374193548387097,0.755102040816326,0.19811320754717,818,0.625104054385642,"Moderate"
"sp|Q17RB0|RTL8B_HUMAN Retrotransposon Gag-like protein 8B OS=Homo sapiens OX=9606 GN=RTL8B PE=1 SV=1",27,15,11,8,7,0.555555555555556,0.727272727272727,0.4375,113,0.845444444444444,"Good"
"sp|Q17RS7|GEN_HUMAN Flap endonuclease GEN homolog 1 OS=Homo sapiens OX=9606 GN=GEN1 PE=1 SV=2",219,78,62,38,40,0.356164383561644,0.612903225806452,0.254777070063694,908,0.701053424391858,"Good"
"sp|Q30154|DRB5_HUMAN HLA class II histocompatibility antigen, DR beta 5 chain OS=Homo sapiens OX=9606 GN=HLA-DRB5 PE=1 SV=1",51,29,13,11,18,0.568627450980392,0.846153846153846,0.473684210526316,266,0.776188674300129,"Good"
"sp|Q30KR1|DB109_HUMAN Putative beta-defensin 109B OS=Homo sapiens OX=9606 GN=DEFB109B PE=5 SV=1",15,0,3,0,0,0,0,0,87,0.664671264367816,"Good"
"sp|Q3BBV2|NBPF8_HUMAN Putative neuroblastoma breakpoint family member 8 OS=Homo sapiens OX=9606 GN=NBPF8 PE=5 SV=1",205,33,46,17,16,0.160975609756098,0.369565217391304,0.10062893081761,869,0.666727629271007,"Good"
"sp|Q3LI66|KRA62_HUMAN Keratin-associated protein 6-2 OS=Homo sapiens OX=9606 GN=KRTAP6-2 PE=1 SV=1",5,0,2,0,0,0,0,0,62,0.662,"Good"
"sp|Q4AC94|C2CD3_HUMAN C2 domain-containing protein 3 OS=Homo sapiens OX=9606 GN=C2CD3 PE=1 SV=4",473,171,156,102,69,0.361522198731501,0.653846153846154,0.217665615141956,2353,0.714746477814446,"Good"
"sp|Q4G0G2|H1AS1_HUMAN Putative uncharacterized protein H1-10-AS1 OS=Homo sapiens OX=9606 GN=H1-10-AS1 PE=5 SV=1",17,0,5,0,0,0,0,0,97,0.838139037433155,"Good"
"sp|Q52LR7|EPC2_HUMAN Enhancer of polycomb homolog 2 OS=Homo sapiens OX=9606 GN=EPC2 PE=1 SV=2",207,83,69,52,31,0.400966183574879,0.753623188405797,0.22463768115942,807,0.760888367738255,"Good"
"sp|Q5C9Z4|NOM1_HUMAN Nucleolar MIF4G domain-containing protein 1 OS=Homo sapiens OX=9606 GN=NOM1 PE=1 SV=1",271,85,74,50,35,0.313653136531365,0.675675675675676,0.177664974619289,860,0.751786707711205,"Good"
"sp|Q5GJ75|TP8L3_HUMAN Tumor necrosis factor alpha-induced protein 8-like protein 3 OS=Homo sapiens OX=9606 GN=TNFAIP8L3 PE=1 SV=1",73,18,30,14,4,0.246575342465753,0.466666666666667,0.0930232558139535,292,0.786349315068493,"Good"
"sp|Q5JR98|DYLT4_HUMAN Dynein light chain Tctex-type 4 OS=Homo sapiens OX=9606 GN=DYNLT4 PE=1 SV=1",47,13,18,6,7,0.276595744680851,0.333333333333333,0.241379310344828,221,0.818090416050366,"Good"
"sp|Q5JTN6|WDR38_HUMAN WD repeat-containing protein 38 OS=Homo sapiens OX=9606 GN=WDR38 PE=2 SV=1",67,9,30,8,1,0.134328358208955,0.266666666666667,0.027027027027027,314,0.743548767536295,"Good"
"sp|Q5JU00|DRC5_HUMAN Dynein regulatory complex subunit 5 OS=Homo sapiens OX=9606 GN=TCTE1 PE=1 SV=1",89,16,26,10,6,0.179775280898876,0.384615384615385,0.0952380952380952,501,0.595529358618237,"Moderate"
"sp|Q5R372|RBG1L_HUMAN Rab GTPase-activating protein 1-like OS=Homo sapiens OX=9606 GN=RABGAP1L PE=1 SV=1",173,78,55,43,35,0.450867052023121,0.781818181818182,0.296610169491525,815,0.70369238458602,"Good"
"sp|Q5RI15|COX20_HUMAN Cytochrome c oxidase assembly protein COX20, mitochondrial OS=Homo sapiens OX=9606 GN=COX20 PE=1 SV=2",35,9,5,3,6,0.257142857142857,0.6,0.2,118,0.77111289346247,"Good"
"sp|Q5SR56|MF14B_HUMAN Hippocampus abundant transcript-like protein 1 OS=Homo sapiens OX=9606 GN=MFSD14B PE=1 SV=3",47,9,8,5,4,0.191489361702128,0.625,0.102564102564103,506,0.49190724077033,"Moderate"
"sp|Q5SVS4|KMCP1_HUMAN Kidney mitochondrial carrier protein 1 OS=Homo sapiens OX=9606 GN=SLC25A30 PE=1 SV=1",63,24,23,12,12,0.380952380952381,0.521739130434783,0.3,291,0.702984960057125,"Good"
"sp|Q5T1C6|THEM4_HUMAN Acyl-coenzyme A thioesterase THEM4 OS=Homo sapiens OX=9606 GN=THEM4 PE=1 SV=1",57,22,22,12,10,0.385964912280702,0.545454545454545,0.285714285714286,240,0.76375701754386,"Good"
"sp|Q5T1M5|FKB15_HUMAN FK506-binding protein 15 OS=Homo sapiens OX=9606 GN=FKBP15 PE=1 SV=2",241,122,64,53,69,0.506224066390041,0.828125,0.389830508474576,1219,0.690721323494583,"Good"
"sp|Q5T4T6|SYC2L_HUMAN Synaptonemal complex protein 2-like OS=Homo sapiens OX=9606 GN=SYCP2L PE=1 SV=2",213,19,66,14,5,0.0892018779342723,0.212121212121212,0.0340136054421769,812,0.756270884566659,"Good"
"sp|Q5T5P2|SKT_HUMAN Sickle tail protein homolog OS=Homo sapiens OX=9606 GN=KIAA1217 PE=1 SV=2",463,239,145,119,120,0.516198704103672,0.820689655172414,0.377358490566038,1943,0.764966166811971,"Good"
"sp|Q5T6C5|AT7L2_HUMAN Ataxin-7-like protein 2 OS=Homo sapiens OX=9606 GN=ATXN7L2 PE=1 SV=1",193,49,60,31,18,0.253886010362694,0.516666666666667,0.135338345864662,722,0.718296681578979,"Good"
"sp|Q5T870|PRR9_HUMAN Proline-rich protein 9 OS=Homo sapiens OX=9606 GN=PRR9 PE=4 SV=1",19,8,8,5,3,0.421052631578947,0.625,0.272727272727273,116,0.747649122807018,"Good"
"sp|Q5VSY0|GKAP1_HUMAN G kinase-anchoring protein 1 OS=Homo sapiens OX=9606 GN=GKAP1 PE=1 SV=2",135,40,27,20,20,0.296296296296296,0.740740740740741,0.185185185185185,366,0.74127283766628,"Good"
"sp|Q658K8|EF1DL_HUMAN Putative elongation factor 1-delta-like protein OS=Homo sapiens OX=9606 GN=EEF1DP3 PE=5 SV=1",25,0,6,0,0,0,0,0,133,0.568534670008354,"Moderate"
"sp|Q674X7|KAZRN_HUMAN Kazrin OS=Homo sapiens OX=9606 GN=KAZN PE=1 SV=2",213,59,70,32,27,0.276995305164319,0.457142857142857,0.188811188811189,775,0.774712231695041,"Good"
"sp|Q68DE3|USF3_HUMAN Basic helix-loop-helix domain-containing protein USF3 OS=Homo sapiens OX=9606 GN=USF3 PE=1 SV=4",305,7,81,3,4,0.0229508196721311,0.037037037037037,0.0178571428571429,2245,0.558878958813435,"Moderate"
"sp|Q68J44|DUS29_HUMAN Dual specificity phosphatase 29 OS=Homo sapiens OX=9606 GN=DUSP29 PE=1 SV=1",57,12,16,5,7,0.210526315789474,0.3125,0.170731707317073,220,0.775413716108453,"Good"
"sp|Q6IE38|ISK14_HUMAN Serine protease inhibitor Kazal-type 14 OS=Homo sapiens OX=9606 GN=SPINK14 PE=3 SV=1",21,0,2,0,0,0,0,0,97,0.440097398134511,"Moderate"
"sp|Q6IEE8|SN12L_HUMAN Schlafen family member 12-like OS=Homo sapiens OX=9606 GN=SLFN12L PE=2 SV=4",141,2,49,1,1,0.0141843971631206,0.0204081632653061,0.0108695652173913,588,0.74164628197455,"Good"
"sp|Q6ISS4|LAIR2_HUMAN Leukocyte-associated immunoglobulin-like receptor 2 OS=Homo sapiens OX=9606 GN=LAIR2 PE=1 SV=1",21,7,6,5,2,0.333333333333333,0.833333333333333,0.133333333333333,152,0.507920426065163,"Moderate"
"sp|Q6ISU1|PTCRA_HUMAN Pre T-cell antigen receptor alpha OS=Homo sapiens OX=9606 GN=PTCRA PE=1 SV=1",33,1,7,0,1,0.0303030303030303,0,0.0384615384615385,281,0.541664488299364,"Moderate"
"sp|Q6NT89|TRNP1_HUMAN TMF-regulated nuclear protein 1 OS=Homo sapiens OX=9606 GN=TRNP1 PE=2 SV=2",55,6,15,4,2,0.109090909090909,0.266666666666667,0.05,227,0.701569853054435,"Good"
"sp|Q6P087|RUSD3_HUMAN Mitochondrial mRNA pseudouridine synthase RPUSD3 OS=Homo sapiens OX=9606 GN=RPUSD3 PE=1 SV=3",83,32,41,28,4,0.385542168674699,0.682926829268293,0.0952380952380952,351,0.796405246403675,"Good"
"sp|Q6P179|ERAP2_HUMAN Endoplasmic reticulum aminopeptidase 2 OS=Homo sapiens OX=9606 GN=ERAP2 PE=1 SV=2",187,90,77,56,34,0.481283422459893,0.727272727272727,0.309090909090909,960,0.747443595152823,"Good"
"sp|Q6P444|MTFR2_HUMAN Mitochondrial fission regulator 2 OS=Homo sapiens OX=9606 GN=MTFR2 PE=1 SV=2",89,36,28,20,16,0.404494382022472,0.714285714285714,0.262295081967213,385,0.730025532092306,"Good"
"sp|Q6P4Q7|CNNM4_HUMAN Metal transporter CNNM4 OS=Homo sapiens OX=9606 GN=CNNM4 PE=1 SV=3",155,69,58,46,23,0.445161290322581,0.793103448275862,0.237113402061856,775,0.745118387096774,"Good"
"sp|Q6P4R8|NFRKB_HUMAN Nuclear factor related to kappa-B-binding protein OS=Homo sapiens OX=9606 GN=NFRKB PE=1 SV=2",255,122,79,69,53,0.47843137254902,0.873417721518987,0.301136363636364,1299,0.697132984356672,"Good"
"sp|Q6PEY1|TMM88_HUMAN Transmembrane protein 88 OS=Homo sapiens OX=9606 GN=TMEM88 PE=1 SV=1",29,6,9,5,1,0.206896551724138,0.555555555555556,0.05,159,0.590670169994828,"Moderate"
"sp|Q6PF06|TM10B_HUMAN tRNA methyltransferase 10 homolog B OS=Homo sapiens OX=9606 GN=TRMT10B PE=1 SV=1",91,5,19,3,2,0.0549450549450549,0.157894736842105,0.0277777777777778,316,0.525065595905622,"Moderate"
"sp|Q6PIU1|KCNV1_HUMAN Potassium voltage-gated channel subfamily V member 1 OS=Homo sapiens OX=9606 GN=KCNV1 PE=1 SV=2",97,7,21,3,4,0.0721649484536082,0.142857142857143,0.0526315789473684,500,0.463522336769759,"Moderate"
"sp|Q6PJ61|FBX46_HUMAN F-box only protein 46 OS=Homo sapiens OX=9606 GN=FBXO46 PE=1 SV=3",125,28,30,11,17,0.224,0.366666666666667,0.178947368421053,603,0.653989054726368,"Good"
"sp|Q6QAJ8|TM220_HUMAN Transmembrane protein 220 OS=Homo sapiens OX=9606 GN=TMEM220 PE=1 SV=1",19,2,2,0,2,0.105263157894737,0,0.117647058823529,160,0.630385526315789,"Moderate"
"sp|Q6RVD6|SPAT8_HUMAN Spermatogenesis-associated protein 8 OS=Homo sapiens OX=9606 GN=SPATA8 PE=1 SV=1",27,0,13,0,0,0,0,0,105,0.860700661375661,"Good"
"sp|Q6UWK7|GP15L_HUMAN Protein GPR15LG OS=Homo sapiens OX=9606 GN=GPR15LG PE=1 SV=1",25,3,6,2,1,0.12,0.333333333333333,0.0526315789473684,81,0.775592592592593,"Good"
"sp|Q6UXB3|LYPD2_HUMAN Ly6/PLAUR domain-containing protein 2 OS=Homo sapiens OX=9606 GN=LYPD2 PE=1 SV=1",17,3,3,3,0,0.176470588235294,1,0,125,0.497031529411765,"Moderate"
"sp|Q6XLA1|CSC2A_HUMAN Protein CASC2, isoform 3 OS=Homo sapiens OX=9606 GN=CASC2 PE=2 SV=1",27,0,9,0,0,0,0,0,102,0.846632679738562,"Good"
"sp|Q6YN16|HSDL2_HUMAN Hydroxysteroid dehydrogenase-like protein 2 OS=Homo sapiens OX=9606 GN=HSDL2 PE=1 SV=1",89,58,42,37,21,0.651685393258427,0.880952380952381,0.446808510638298,418,0.809766531867064,"Good"
"sp|Q6ZMI3|GLDN_HUMAN Gliomedin OS=Homo sapiens OX=9606 GN=GLDN PE=1 SV=1",113,25,46,21,4,0.221238938053097,0.456521739130435,0.0597014925373134,551,0.775345102201318,"Good"
"sp|Q6ZMY9|ZN517_HUMAN Zinc finger protein 517 OS=Homo sapiens OX=9606 GN=ZNF517 PE=2 SV=2",111,16,42,10,6,0.144144144144144,0.238095238095238,0.0869565217391304,492,0.766037913745231,"Good"
"sp|Q6ZN16|M3K15_HUMAN Mitogen-activated protein kinase kinase kinase 15 OS=Homo sapiens OX=9606 GN=MAP3K15 PE=1 SV=2",277,61,89,39,22,0.220216606498195,0.438202247191011,0.117021276595745,1313,0.71073090844769,"Good"
"sp|Q6ZS72|PEAK3_HUMAN Protein PEAK3 OS=Homo sapiens OX=9606 GN=PEAK3 PE=1 SV=1",79,18,34,14,4,0.227848101265823,0.411764705882353,0.0888888888888889,473,0.715827133567051,"Good"
"sp|Q6ZVH6|YK004_HUMAN Putative uncharacterized protein FLJ42569 OS=Homo sapiens OX=9606 PE=2 SV=1",31,0,10,0,0,0,0,0,145,0.741375806451613,"Good"
"sp|Q71RH2|TLC3B_HUMAN Ceramide synthase OS=Homo sapiens OX=9606 GN=TLCD3B PE=1 SV=1",39,6,9,2,4,0.153846153846154,0.222222222222222,0.133333333333333,274,0.684305446378439,"Good"
"sp|Q75LS8|FKB9L_HUMAN Putative FK506-binding protein 9-like protein OS=Homo sapiens OX=9606 GN=FKBP9P1 PE=5 SV=1",23,11,7,6,5,0.478260869565217,0.857142857142857,0.3125,142,0.558386923547977,"Moderate"
"sp|Q7RTY5|PRS48_HUMAN Serine protease 48 OS=Homo sapiens OX=9606 GN=PRSS48 PE=2 SV=2",51,0,18,0,0,0,0,0,328,0.6925616494935,"Good"
"sp|Q7Z3B1|NEGR1_HUMAN Neuronal growth regulator 1 OS=Homo sapiens OX=9606 GN=NEGR1 PE=1 SV=3",51,27,22,19,8,0.529411764705882,0.863636363636364,0.275862068965517,354,0.689048137638367,"Good"
"sp|Q7Z3G6|PRIC2_HUMAN Prickle-like protein 2 OS=Homo sapiens OX=9606 GN=PRICKLE2 PE=1 SV=2",197,60,54,26,34,0.304568527918782,0.481481481481481,0.237762237762238,844,0.697998914464624,"Good"
"sp|Q7Z3Z4|PIWL4_HUMAN Piwi-like protein 4 OS=Homo sapiens OX=9606 GN=PIWIL4 PE=1 SV=2",199,46,88,37,9,0.231155778894472,0.420454545454545,0.0810810810810811,852,0.819610097772565,"Good"
"sp|Q7Z4H4|ADM2_HUMAN Protein ADM2 OS=Homo sapiens OX=9606 GN=ADM2 PE=1 SV=1",33,1,13,1,0,0.0303030303030303,0.0769230769230769,0,148,0.860263504611331,"Good"
"sp|Q7Z6Z6|PLPL5_HUMAN Patatin-like phospholipase domain-containing protein 5 OS=Homo sapiens OX=9606 GN=PNPLA5 PE=1 SV=1",75,2,29,1,1,0.0266666666666667,0.0344827586206897,0.0217391304347826,429,0.725855477855478,"Good"
"sp|Q7Z736|PKHH3_HUMAN Pleckstrin homology domain-containing family H member 3 OS=Homo sapiens OX=9606 GN=PLEKHH3 PE=1 SV=2",161,56,60,34,22,0.347826086956522,0.566666666666667,0.217821782178218,793,0.730426939193055,"Good"
"sp|Q7Z794|K2C1B_HUMAN Keratin, type II cytoskeletal 1b OS=Homo sapiens OX=9606 GN=KRT77 PE=1 SV=3",117,68,53,45,23,0.581196581196581,0.849056603773585,0.359375,578,0.753459628113607,"Good"
"sp|Q7Z7F7|RM55_HUMAN Large ribosomal subunit protein mL55 OS=Homo sapiens OX=9606 GN=MRPL55 PE=1 SV=1",55,12,12,5,7,0.218181818181818,0.416666666666667,0.162790697674419,128,0.782778003246753,"Good"
"sp|Q7Z7G8|VP13B_HUMAN Intermembrane lipid transfer protein VPS13B OS=Homo sapiens OX=9606 GN=VPS13B PE=1 SV=2",703,278,276,190,88,0.395448079658606,0.688405797101449,0.206088992974239,4022,0.740482909353385,"Good"
"sp|Q86SF2|GALT7_HUMAN N-acetylgalactosaminyltransferase 7 OS=Homo sapiens OX=9606 GN=GALNT7 PE=1 SV=1",149,71,55,46,25,0.476510067114094,0.836363636363636,0.265957446808511,657,0.739073521531093,"Good"
"sp|Q86SG4|DPCA2_HUMAN Putative Dresden prostate carcinoma protein 2 OS=Homo sapiens OX=9606 GN=HMGN2P46 PE=5 SV=1",59,0,13,0,0,0,0,0,172,0.696331028057477,"Good"
"sp|Q86TG7|PEG10_HUMAN Retrotransposon-derived protein PEG10 OS=Homo sapiens OX=9606 GN=PEG10 PE=1 SV=2",133,58,34,26,32,0.43609022556391,0.764705882352941,0.323232323232323,708,0.65781060702604,"Good"
"sp|Q86UP0|CAD24_HUMAN Cadherin-24 OS=Homo sapiens OX=9606 GN=CDH24 PE=1 SV=1",117,18,38,12,6,0.153846153846154,0.315789473684211,0.0759493670886076,819,0.683605763125763,"Good"
"sp|Q86VH5|LRRT3_HUMAN Leucine-rich repeat transmembrane neuronal protein 3 OS=Homo sapiens OX=9606 GN=LRRTM3 PE=2 SV=2",123,23,34,12,11,0.186991869918699,0.352941176470588,0.123595505617978,581,0.683364139484768,"Good"
"sp|Q86W54|SPA24_HUMAN Spermatogenesis-associated protein 24 OS=Homo sapiens OX=9606 GN=SPATA24 PE=1 SV=2",67,13,20,8,5,0.194029850746269,0.4,0.106382978723404,205,0.82718188793369,"Good"
"sp|Q86XA9|HTR5A_HUMAN HEAT repeat-containing protein 5A OS=Homo sapiens OX=9606 GN=HEATR5A PE=1 SV=2",363,155,137,98,57,0.426997245179063,0.715328467153285,0.252212389380531,2040,0.74452010072665,"Good"
"sp|Q86YJ7|AN13B_HUMAN Ankyrin repeat domain-containing protein 13B OS=Homo sapiens OX=9606 GN=ANKRD13B PE=1 SV=4",143,38,49,24,14,0.265734265734266,0.489795918367347,0.148936170212766,626,0.741754213837281,"Good"
"sp|Q86YV5|PRAG1_HUMAN Inactive tyrosine-protein kinase PRAG1 OS=Homo sapiens OX=9606 GN=PRAG1 PE=1 SV=4",251,112,78,53,59,0.446215139442231,0.67948717948718,0.341040462427746,1406,0.720535661098842,"Good"
"sp|Q8IUE0|TF2LY_HUMAN Homeobox protein TGIF2LY OS=Homo sapiens OX=9606 GN=TGIF2LY PE=1 SV=1",61,16,24,13,3,0.262295081967213,0.541666666666667,0.0810810810810811,185,0.845279042977404,"Good"
"sp|Q8IUS5|EPHX4_HUMAN Epoxide hydrolase 4 OS=Homo sapiens OX=9606 GN=EPHX4 PE=1 SV=2",77,19,27,10,9,0.246753246753247,0.37037037037037,0.18,362,0.754266543769306,"Good"
"sp|Q8IV35|WDR49_HUMAN WD repeat-containing protein 49 OS=Homo sapiens OX=9606 GN=WDR49 PE=2 SV=1",165,3,52,0,3,0.0181818181818182,0,0.0265486725663717,697,0.744355972100592,"Good"
"sp|Q8IVV8|NKAI4_HUMAN Sodium/potassium-transporting ATPase subunit beta-1-interacting protein 4 OS=Homo sapiens OX=9606 GN=NKAIN4 PE=1 SV=2",21,1,3,1,0,0.0476190476190476,0.333333333333333,0,208,0.319878663003663,"Poor"
"sp|Q8IW75|SPA12_HUMAN Serpin A12 OS=Homo sapiens OX=9606 GN=SERPINA12 PE=1 SV=1",107,33,50,25,8,0.308411214953271,0.5,0.140350877192982,414,0.839761150132544,"Good"
"sp|Q8IWN6|F223A_HUMAN Protein FAM223A OS=Homo sapiens OX=9606 GN=FAM223A PE=2 SV=1",33,0,11,0,0,0,0,0,122,0.7212347739692,"Good"
"sp|Q8IX03|KIBRA_HUMAN Protein KIBRA OS=Homo sapiens OX=9606 GN=WWC1 PE=1 SV=1",291,86,75,43,43,0.29553264604811,0.573333333333333,0.199074074074074,1113,0.694976627524852,"Good"
"sp|Q8IY37|DHX37_HUMAN Probable ATP-dependent RNA helicase DHX37 OS=Homo sapiens OX=9606 GN=DHX37 PE=1 SV=1",307,114,83,61,53,0.371335504885993,0.734939759036145,0.236607142857143,1157,0.67199508533467,"Good"
"sp|Q8IY49|PAQRA_HUMAN Monocyte to macrophage differentiation factor 2 OS=Homo sapiens OX=9606 GN=MMD2 PE=1 SV=2",45,0,13,0,0,0,0,0,270,0.603393899782135,"Moderate"
"sp|Q8IYJ2|CJ067_HUMAN Uncharacterized protein C10orf67, mitochondrial OS=Homo sapiens OX=9606 GN=C10orf67 PE=1 SV=3",185,11,52,9,2,0.0594594594594595,0.173076923076923,0.0150375939849624,551,0.803726950941149,"Good"
"sp|Q8IZF0|NALCN_HUMAN Sodium leak channel NALCN OS=Homo sapiens OX=9606 GN=NALCN PE=1 SV=1",369,31,108,22,9,0.0840108401084011,0.203703703703704,0.0344827586206897,1738,0.631261980721073,"Moderate"
"sp|Q8IZF2|AGRF5_HUMAN Adhesion G protein-coupled receptor F5 OS=Homo sapiens OX=9606 GN=ADGRF5 PE=1 SV=3",205,76,75,54,22,0.370731707317073,0.72,0.169230769230769,1346,0.682096549923561,"Good"
"sp|Q8IZT6|ASPM_HUMAN Abnormal spindle-like microcephaly-associated protein OS=Homo sapiens OX=9606 GN=ASPM PE=1 SV=2",1341,341,390,231,110,0.254287844891872,0.592307692307692,0.115667718191377,3477,0.777610211566806,"Good"
"sp|Q8N0V1|ZNAS1_HUMAN Putative uncharacterized protein ZNF295-AS1 OS=Homo sapiens OX=9606 GN=ZNF295-AS1 PE=5 SV=2",25,0,8,0,0,0,0,0,137,0.725447201946472,"Good"
"sp|Q8N108|MIER1_HUMAN Mesoderm induction early response protein 1 OS=Homo sapiens OX=9606 GN=MIER1 PE=1 SV=2",103,57,28,26,31,0.553398058252427,0.928571428571429,0.413333333333333,512,0.715703666782247,"Good"
"sp|Q8N141|ZFP82_HUMAN Zinc finger protein 82 homolog OS=Homo sapiens OX=9606 GN=ZFP82 PE=1 SV=1",163,43,51,17,26,0.263803680981595,0.333333333333333,0.232142857142857,532,0.815728102663149,"Good"
"sp|Q8N1Q8|THEM5_HUMAN Acyl-coenzyme A thioesterase THEM5 OS=Homo sapiens OX=9606 GN=THEM5 PE=1 SV=2",57,10,27,7,3,0.175438596491228,0.259259259259259,0.1,247,0.815400655484866,"Good"
"sp|Q8N357|S35F6_HUMAN Solute carrier family 35 member F6 OS=Homo sapiens OX=9606 GN=SLC35F6 PE=1 SV=1",43,18,6,5,13,0.418604651162791,0.833333333333333,0.351351351351351,371,0.495709270983514,"Moderate"
"sp|Q8N423|LIRB2_HUMAN Leukocyte immunoglobulin-like receptor subfamily B member 2 OS=Homo sapiens OX=9606 GN=LILRB2 PE=1 SV=5",97,39,26,18,21,0.402061855670103,0.692307692307692,0.295774647887324,597,0.64575818581928,"Moderate"
"sp|Q8N428|GLT16_HUMAN Polypeptide N-acetylgalactosaminyltransferase 16 OS=Homo sapiens OX=9606 GN=GALNT16 PE=1 SV=2",139,41,34,19,22,0.294964028776978,0.558823529411765,0.20952380952381,558,0.695939951042503,"Good"
"sp|Q8N4N8|KIF2B_HUMAN Kinesin-like protein KIF2B OS=Homo sapiens OX=9606 GN=KIF2B PE=1 SV=3",171,43,65,29,14,0.251461988304094,0.446153846153846,0.132075471698113,673,0.785900594027789,"Good"
"sp|Q8N556|AFAP1_HUMAN Actin filament-associated protein 1 OS=Homo sapiens OX=9606 GN=AFAP1 PE=1 SV=2",219,78,49,37,41,0.356164383561644,0.755102040816326,0.241176470588235,730,0.615832500671502,"Moderate"
"sp|Q8N5G2|MACOI_HUMAN Macoilin OS=Homo sapiens OX=9606 GN=MACO1 PE=1 SV=1",193,67,47,37,30,0.347150259067358,0.787234042553192,0.205479452054795,664,0.70805276582895,"Good"
"sp|Q8N5H7|SH2D3_HUMAN SH2 domain-containing protein 3C OS=Homo sapiens OX=9606 GN=SH2D3C PE=1 SV=1",189,77,68,48,29,0.407407407407407,0.705882352941177,0.239669421487603,860,0.775667484865873,"Good"
"sp|Q8N5I2|ARRD1_HUMAN Arrestin domain-containing protein 1 OS=Homo sapiens OX=9606 GN=ARRDC1 PE=1 SV=1",61,24,19,15,9,0.39344262295082,0.789473684210526,0.214285714285714,433,0.530507134991169,"Moderate"
"sp|Q8N7B9|EFCB3_HUMAN EF-hand calcium-binding domain-containing protein 3 OS=Homo sapiens OX=9606 GN=EFCAB3 PE=1 SV=1",129,39,55,31,8,0.302325581395349,0.563636363636364,0.108108108108108,438,0.857533158118297,"Good"
"sp|Q8N7J2|AMER2_HUMAN APC membrane recruitment protein 2 OS=Homo sapiens OX=9606 GN=AMER2 PE=1 SV=3",179,79,58,44,35,0.441340782122905,0.758620689655172,0.289256198347107,671,0.746517596899292,"Good"
"sp|Q8N8P6|YX004_HUMAN Putative uncharacterized protein FLJ39060 OS=Homo sapiens OX=9606 PE=2 SV=1",33,0,11,0,0,0,0,0,123,0.841142211208208,"Good"
"sp|Q8N9N2|ASCC1_HUMAN Activating signal cointegrator 1 complex subunit 1 OS=Homo sapiens OX=9606 GN=ASCC1 PE=1 SV=1",87,35,28,21,14,0.402298850574713,0.75,0.23728813559322,400,0.670694022988506,"Good"
"sp|Q8NB46|ANR52_HUMAN Serine/threonine-protein phosphatase 6 regulatory ankyrin repeat subunit C OS=Homo sapiens OX=9606 GN=ANKRD52 PE=1 SV=3",171,77,66,50,27,0.450292397660819,0.757575757575758,0.257142857142857,1076,0.707081393348947,"Good"
"sp|Q8NB66|UN13C_HUMAN Protein unc-13 homolog C OS=Homo sapiens OX=9606 GN=UNC13C PE=2 SV=3",533,125,188,84,41,0.234521575984991,0.446808510638298,0.118840579710145,2214,0.750671646370742,"Good"
"sp|Q8ND71|GIMA8_HUMAN GTPase IMAP family member 8 OS=Homo sapiens OX=9606 GN=GIMAP8 PE=2 SV=2",185,95,67,57,38,0.513513513513513,0.850746268656716,0.322033898305085,665,0.819557960780329,"Good"
"sp|Q8NDG6|TDRD9_HUMAN ATP-dependent RNA helicase TDRD9 OS=Homo sapiens OX=9606 GN=TDRD9 PE=2 SV=3",291,110,118,74,36,0.378006872852234,0.627118644067797,0.208092485549133,1382,0.76105857969749,"Good"
"sp|Q8NDH3|PEPL1_HUMAN Probable aminopeptidase NPEPL1 OS=Homo sapiens OX=9606 GN=NPEPL1 PE=1 SV=3",91,36,24,19,17,0.395604395604396,0.791666666666667,0.253731343283582,523,0.545408542222596,"Moderate"
"sp|Q8NEA9|GMCL2_HUMAN Germ cell-less protein-like 2 OS=Homo sapiens OX=9606 GN=GMCL2 PE=1 SV=2",127,9,45,8,1,0.0708661417322835,0.177777777777778,0.0121951219512195,526,0.78968121052292,"Good"
"sp|Q8NEB7|ACRBP_HUMAN Acrosin-binding protein OS=Homo sapiens OX=9606 GN=ACRBP PE=2 SV=1",93,52,34,26,26,0.559139784946237,0.764705882352941,0.440677966101695,543,0.730323719863993,"Good"
"sp|Q8NEH6|MNS1_HUMAN Meiosis-specific nuclear structural protein 1 OS=Homo sapiens OX=9606 GN=MNS1 PE=1 SV=2",219,67,38,25,42,0.305936073059361,0.657894736842105,0.232044198895028,495,0.769977611733776,"Good"
"sp|Q8NEV8|EXPH5_HUMAN Exophilin-5 OS=Homo sapiens OX=9606 GN=EXPH5 PE=1 SV=4",489,185,154,103,82,0.378323108384458,0.668831168831169,0.244776119402985,1989,0.771718319780619,"Good"
"sp|Q8NFI3|ENASE_HUMAN Cytosolic endo-beta-N-acetylglucosaminidase OS=Homo sapiens OX=9606 GN=ENGASE PE=1 SV=1",131,57,54,32,25,0.435114503816794,0.592592592592593,0.324675324675325,743,0.78744356500694,"Good"
"sp|Q8NFV5|SPDE1_HUMAN Speedy protein E1 OS=Homo sapiens OX=9606 GN=SPDYE1 PE=2 SV=3",123,9,32,8,1,0.0731707317073171,0.25,0.010989010989011,336,0.716159066808059,"Good"
"sp|Q8NG27|PJA1_HUMAN E3 ubiquitin-protein ligase Praja-1 OS=Homo sapiens OX=9606 GN=PJA1 PE=1 SV=2",139,43,22,13,30,0.309352517985612,0.590909090909091,0.256410256410256,643,0.61665298678631,"Moderate"
"sp|Q8NGC9|O11H4_HUMAN Olfactory receptor 11H4 OS=Homo sapiens OX=9606 GN=OR11H4 PE=2 SV=1",39,0,4,0,0,0,0,0,324,0.451797720797721,"Moderate"
"sp|Q8NGH6|O52L2_HUMAN Putative olfactory receptor 52L2 OS=Homo sapiens OX=9606 GN=OR52L2P PE=5 SV=3",37,0,6,0,0,0,0,0,319,0.515834206799724,"Moderate"
"sp|Q8NGV7|OR5H2_HUMAN Olfactory receptor 5H2 OS=Homo sapiens OX=9606 GN=OR5H2 PE=3 SV=4",37,0,5,0,0,0,0,0,309,0.344363793405056,"Poor"
"sp|Q8NHJ6|LIRB4_HUMAN Leukocyte immunoglobulin-like receptor subfamily B member 4 OS=Homo sapiens OX=9606 GN=LILRB4 PE=1 SV=3",75,34,15,14,20,0.453333333333333,0.933333333333333,0.333333333333333,448,0.60991369047619,"Moderate"
"sp|Q8TAK6|OLIG1_HUMAN Oligodendrocyte transcription factor 1 OS=Homo sapiens OX=9606 GN=OLIG1 PE=1 SV=2",45,13,9,6,7,0.288888888888889,0.666666666666667,0.194444444444444,271,0.489779581795818,"Moderate"
"sp|Q8TC92|ENOX1_HUMAN Ecto-NOX disulfide-thiol exchanger 1 OS=Homo sapiens OX=9606 GN=ENOX1 PE=1 SV=1",151,30,37,16,14,0.198675496688742,0.432432432432432,0.12280701754386,643,0.620358838376036,"Moderate"
"sp|Q8TDJ6|DMXL2_HUMAN DmX-like protein 2 OS=Homo sapiens OX=9606 GN=DMXL2 PE=1 SV=2",561,259,192,154,105,0.461675579322638,0.802083333333333,0.284552845528455,3036,0.7119928590417,"Good"
"sp|Q8TE56|ATS17_HUMAN A disintegrin and metalloproteinase with thrombospondin motifs 17 OS=Homo sapiens OX=9606 GN=ADAMTS17 PE=2 SV=2",231,8,86,6,2,0.0346320346320346,0.0697674418604651,0.0137931034482759,1095,0.742545962242206,"Good"
"sp|Q8TE60|ATS18_HUMAN A disintegrin and metalloproteinase with thrombospondin motifs 18 OS=Homo sapiens OX=9606 GN=ADAMTS18 PE=1 SV=3",259,6,67,4,2,0.0231660231660232,0.0597014925373134,0.0104166666666667,1221,0.700904543768951,"Good"
"sp|Q8TEB7|RN128_HUMAN E3 ubiquitin-protein ligase RNF128 OS=Homo sapiens OX=9606 GN=RNF128 PE=1 SV=1",73,11,23,8,3,0.150684931506849,0.347826086956522,0.06,428,0.573973712286092,"Moderate"
"sp|Q8TEP8|CE192_HUMAN Centrosomal protein of 192 kDa OS=Homo sapiens OX=9606 GN=CEP192 PE=1 SV=3",475,223,178,133,90,0.469473684210526,0.747191011235955,0.303030303030303,2537,0.730506361375943,"Good"
"sp|Q8TEU8|WFKN2_HUMAN WAP, Kazal, immunoglobulin, Kunitz and NTR domain-containing protein 2 OS=Homo sapiens OX=9606 GN=WFIKKN2 PE=1 SV=1",105,28,22,14,14,0.266666666666667,0.636363636363636,0.168674698795181,576,0.54078869047619,"Moderate"
"sp|Q8WTX9|ZDHC1_HUMAN Palmitoyltransferase ZDHHC1 OS=Homo sapiens OX=9606 GN=ZDHHC1 PE=1 SV=1",109,14,32,8,6,0.128440366972477,0.25,0.0779220779220779,485,0.702902248339933,"Good"
"sp|Q8WU76|SCFD2_HUMAN Sec1 family domain-containing protein 2 OS=Homo sapiens OX=9606 GN=SCFD2 PE=1 SV=2",109,47,42,32,15,0.431192660550459,0.761904761904762,0.223880597014925,684,0.707470873726306,"Good"
"sp|Q8WUA7|TB22A_HUMAN TBC1 domain family member 22A OS=Homo sapiens OX=9606 GN=TBC1D22A PE=1 SV=2",101,42,34,24,18,0.415841584158416,0.705882352941177,0.26865671641791,517,0.646814656465647,"Moderate"
"sp|Q8WWG9|KCNE4_HUMAN Potassium voltage-gated channel subfamily E member 4 OS=Homo sapiens OX=9606 GN=KCNE4 PE=1 SV=4",29,3,7,3,0,0.103448275862069,0.428571428571429,0,221,0.446981987136145,"Moderate"
"sp|Q8WWY8|LIPH_HUMAN Lipase member H OS=Homo sapiens OX=9606 GN=LIPH PE=1 SV=1",91,30,32,21,9,0.32967032967033,0.65625,0.152542372881356,451,0.794475288938704,"Good"
"sp|Q8WXR4|MYO3B_HUMAN Myosin-IIIb OS=Homo sapiens OX=9606 GN=MYO3B PE=1 SV=4",301,68,112,42,26,0.225913621262458,0.375,0.137566137566138,1341,0.743403266108,"Good"
"sp|Q8WYL5|SSH1_HUMAN Protein phosphatase Slingshot homolog 1 OS=Homo sapiens OX=9606 GN=SSH1 PE=1 SV=2",211,81,76,52,29,0.383886255924171,0.684210526315789,0.214814814814815,1049,0.730697670223637,"Good"
"sp|Q8WZ04|TOMT_HUMAN Transmembrane O-methyltransferase OS=Homo sapiens OX=9606 GN=TOMT PE=1 SV=3",67,0,23,0,0,0,0,0,291,0.744627840180541,"Good"
"sp|Q8WZ33|MAFIP_HUMAN MaFF-interacting protein OS=Homo sapiens OX=9606 GN=MAFIP PE=1 SV=1",23,0,13,0,0,0,0,0,124,0.737997194950912,"Good"
"sp|Q902F9|EN113_HUMAN Endogenous retrovirus group K member 113 Env polyprotein OS=Homo sapiens OX=9606 GN=HERVK_113 PE=1 SV=1",133,7,35,3,4,0.0526315789473684,0.0857142857142857,0.0408163265306122,699,0.595144615310948,"Moderate"
"sp|Q92502|STAR8_HUMAN StAR-related lipid transfer protein 8 OS=Homo sapiens OX=9606 GN=STARD8 PE=1 SV=2",195,35,65,26,9,0.179487179487179,0.4,0.0692307692307692,1023,0.685808376249694,"Good"
"sp|Q92538|GBF1_HUMAN Golgi-specific brefeldin A-resistance guanine nucleotide exchange factor 1 OS=Homo sapiens OX=9606 GN=GBF1 PE=1 SV=3",345,174,124,101,73,0.504347826086956,0.814516129032258,0.330316742081448,1860,0.709484743649681,"Good"
"sp|Q92561|PHYIP_HUMAN Phytanoyl-CoA hydroxylase-interacting protein OS=Homo sapiens OX=9606 GN=PHYHIP PE=1 SV=1",67,29,23,17,12,0.432835820895522,0.739130434782609,0.272727272727273,330,0.701114997206481,"Good"
"sp|Q92581|SL9A6_HUMAN Sodium/hydrogen exchanger 6 OS=Homo sapiens OX=9606 GN=SLC9A6 PE=1 SV=3",105,29,19,14,15,0.276190476190476,0.736842105263158,0.174418604651163,701,0.517672633199737,"Moderate"
"sp|Q92604|LGAT1_HUMAN Acyl-CoA:lysophosphatidylglycerol acyltransferase 1 OS=Homo sapiens OX=9606 GN=LPGAT1 PE=1 SV=1",81,37,27,23,14,0.45679012345679,0.851851851851852,0.259259259259259,370,0.761606403302527,"Good"
"sp|Q92949|FOXJ1_HUMAN Forkhead box protein J1 OS=Homo sapiens OX=9606 GN=FOXJ1 PE=1 SV=3",63,11,16,7,4,0.174603174603175,0.4375,0.0851063829787234,421,0.511574759014189,"Moderate"
"sp|Q93009|UBP7_HUMAN Ubiquitin carboxyl-terminal hydrolase 7 OS=Homo sapiens OX=9606 GN=USP7 PE=1 SV=2",257,156,93,87,69,0.607003891050584,0.935483870967742,0.420731707317073,1102,0.787231559333474,"Good"
"sp|Q969E2|SCAM4_HUMAN Secretory carrier-associated membrane protein 4 OS=Homo sapiens OX=9606 GN=SCAMP4 PE=1 SV=1",27,10,3,3,7,0.37037037037037,1,0.291666666666667,229,0.367424106420831,"Poor"
"sp|Q969Q4|ARL11_HUMAN ADP-ribosylation factor-like protein 11 OS=Homo sapiens OX=9606 GN=ARL11 PE=1 SV=1",43,13,19,9,4,0.302325581395349,0.473684210526316,0.166666666666667,196,0.806754916324467,"Good"
"sp|Q969Y0|NXPE3_HUMAN NXPE family member 3 OS=Homo sapiens OX=9606 GN=NXPE3 PE=1 SV=1",117,19,43,14,5,0.162393162393162,0.325581395348837,0.0675675675675676,559,0.765730720381095,"Good"
"sp|Q96A59|MALD3_HUMAN MARVEL domain-containing protein 3 OS=Homo sapiens OX=9606 GN=MARVELD3 PE=2 SV=3",105,13,4,2,11,0.123809523809524,0.5,0.108910891089109,401,0.436232399033139,"Moderate"
"sp|Q96CB8|INT12_HUMAN Integrator complex subunit 12 OS=Homo sapiens OX=9606 GN=INTS12 PE=1 SV=1",109,42,25,18,24,0.385321100917431,0.72,0.285714285714286,462,0.659779728448656,"Good"
"sp|Q96CW6|S7A6O_HUMAN Probable RNA polymerase II nuclear localization protein SLC7A6OS OS=Homo sapiens OX=9606 GN=SLC7A6OS PE=1 SV=2",73,22,18,11,11,0.301369863013699,0.611111111111111,0.2,309,0.594663080349704,"Moderate"
"sp|Q96DC8|ECHD3_HUMAN Enoyl-CoA hydratase domain-containing protein 3, mitochondrial OS=Homo sapiens OX=9606 GN=ECHDC3 PE=1 SV=2",63,33,22,15,18,0.523809523809524,0.681818181818182,0.439024390243902,303,0.791708644995774,"Good"
"sp|Q96DN5|TBC31_HUMAN TBC1 domain family member 31 OS=Homo sapiens OX=9606 GN=TBC1D31 PE=1 SV=2",297,97,75,46,51,0.326599326599327,0.613333333333333,0.22972972972973,1066,0.690618024482581,"Good"
"sp|Q96DW6|S2538_HUMAN Mitochondrial glycine transporter OS=Homo sapiens OX=9606 GN=SLC25A38 PE=1 SV=1",57,17,21,8,9,0.298245614035088,0.380952380952381,0.25,304,0.762621503082029,"Good"
"sp|Q96F07|CYFP2_HUMAN Cytoplasmic FMR1-interacting protein 2 OS=Homo sapiens OX=9606 GN=CYFIP2 PE=1 SV=2",301,143,114,93,50,0.475083056478405,0.815789473684211,0.267379679144385,1278,0.770366882323092,"Good"
"sp|Q96F15|GIMA5_HUMAN GTPase IMAP family member 5 OS=Homo sapiens OX=9606 GN=GIMAP5 PE=1 SV=1",73,38,23,19,19,0.520547945205479,0.826086956521739,0.38,307,0.78643379612146,"Good"
"sp|Q96GJ1|TRM2B_HUMAN tRNA (uracil-5-)-methyltransferase homolog B OS=Homo sapiens OX=9606 GN=TRMT2B PE=1 SV=1",103,38,47,25,13,0.368932038834951,0.531914893617021,0.232142857142857,504,0.815752473416551,"Good"
"sp|Q96GQ5|RUSF1_HUMAN RUS family member 1 OS=Homo sapiens OX=9606 GN=RUSF1 PE=1 SV=2",83,36,35,26,10,0.433734939759036,0.742857142857143,0.208333333333333,468,0.687057113367004,"Good"
"sp|Q96GS4|BORC6_HUMAN BLOC-1-related complex subunit 6 OS=Homo sapiens OX=9606 GN=BORCS6 PE=1 SV=2",75,41,20,15,26,0.546666666666667,0.75,0.472727272727273,357,0.691662745098039,"Good"
"sp|Q96GT9|XAGE2_HUMAN X antigen family member 2 OS=Homo sapiens OX=9606 GN=XAGE2 PE=1 SV=1",31,13,6,4,9,0.419354838709677,0.666666666666667,0.36,111,0.781960408226063,"Good"
"sp|Q96HA9|PX11C_HUMAN Peroxisomal membrane protein 11C OS=Homo sapiens OX=9606 GN=PEX11G PE=1 SV=1",49,12,10,6,6,0.244897959183673,0.6,0.153846153846154,241,0.679611906173258,"Good"
"sp|Q96HI0|SENP5_HUMAN Sentrin-specific protease 5 OS=Homo sapiens OX=9606 GN=SENP5 PE=1 SV=3",221,77,75,51,26,0.34841628959276,0.68,0.178082191780822,755,0.792503360900296,"Good"
"sp|Q96J87|CELF6_HUMAN CUGBP Elav-like family member 6 OS=Homo sapiens OX=9606 GN=CELF6 PE=1 SV=1",73,25,22,11,14,0.342465753424658,0.5,0.274509803921569,481,0.579186910830746,"Moderate"
"sp|Q96JB2|COG3_HUMAN Conserved oligomeric Golgi complex subunit 3 OS=Homo sapiens OX=9606 GN=COG3 PE=1 SV=3",159,85,76,63,22,0.534591194968553,0.828947368421053,0.265060240963855,828,0.773023006107009,"Good"
"sp|Q96JN8|NEUL4_HUMAN Neuralized-like protein 4 OS=Homo sapiens OX=9606 GN=NEURL4 PE=1 SV=2",263,92,106,63,29,0.349809885931559,0.594339622641509,0.184713375796178,1562,0.699694781590442,"Good"
"sp|Q96KT0|FAAS1_HUMAN Uncharacterized protein FAM167A-AS1 OS=Homo sapiens OX=9606 GN=FAM167A-AS1 PE=4 SV=1",29,0,9,0,0,0,0,0,104,0.74063041556145,"Good"
"sp|Q96N11|INT15_HUMAN Integrator complex subunit 15 OS=Homo sapiens OX=9606 GN=INTS15 PE=2 SV=1",77,30,25,19,11,0.38961038961039,0.76,0.211538461538462,449,0.716463253116594,"Good"
"sp|Q96PF1|TGM7_HUMAN Protein-glutamine gamma-glutamyltransferase Z OS=Homo sapiens OX=9606 GN=TGM7 PE=1 SV=1",137,7,54,4,3,0.0510948905109489,0.0740740740740741,0.036144578313253,710,0.719834376952337,"Good"
"sp|Q96PU9|CMA1A_HUMAN Ciliary microtubule associated protein 1A OS=Homo sapiens OX=9606 GN=CIMAP1A PE=1 SV=1",61,32,29,25,7,0.524590163934426,0.862068965517241,0.21875,254,0.862322032977112,"Good"
"sp|Q96Q80|DERL3_HUMAN Derlin-3 OS=Homo sapiens OX=9606 GN=DERL3 PE=1 SV=2",31,5,6,3,2,0.161290322580645,0.5,0.08,235,0.371467673301304,"Poor"
"sp|Q96QH8|LYZL5_HUMAN Sperm acrosome-associated protein 5 OS=Homo sapiens OX=9606 GN=SPACA5 PE=2 SV=1",29,14,15,14,0,0.482758620689655,0.933333333333333,0,159,0.774848622858382,"Good"
"sp|Q96S06|LMF1_HUMAN Lipase maturation factor 1 OS=Homo sapiens OX=9606 GN=LMF1 PE=1 SV=1",97,23,20,10,13,0.237113402061856,0.5,0.168831168831169,567,0.63451718309772,"Moderate"
"sp|Q96S53|TESK2_HUMAN Dual specificity testis-specific protein kinase 2 OS=Homo sapiens OX=9606 GN=TESK2 PE=1 SV=1",131,50,52,32,18,0.381679389312977,0.615384615384615,0.227848101265823,571,0.732648593046225,"Good"
"sp|Q96S90|LYSM1_HUMAN LysM and putative peptidoglycan-binding domain-containing protein 1 OS=Homo sapiens OX=9606 GN=LYSMD1 PE=1 SV=1",65,30,22,17,13,0.461538461538462,0.772727272727273,0.302325581395349,227,0.785568999541531,"Good"
"sp|Q99489|OXDD_HUMAN D-aspartate oxidase OS=Homo sapiens OX=9606 GN=DDO PE=1 SV=1",65,26,27,17,9,0.4,0.62962962962963,0.236842105263158,341,0.746967498064272,"Good"
"sp|Q99578|RIT2_HUMAN GTP-binding protein Rit2 OS=Homo sapiens OX=9606 GN=RIT2 PE=1 SV=1",61,16,17,11,5,0.262295081967213,0.647058823529412,0.113636363636364,217,0.633643087214214,"Moderate"
"sp|Q99603|TRGV9_HUMAN T cell receptor gamma variable 9 OS=Homo sapiens OX=9606 GN=TRGV9 PE=1 SV=1",19,3,9,3,0,0.157894736842105,0.333333333333333,0,122,0.772567417052318,"Good"
"sp|Q99848|EBP2_HUMAN Probable rRNA-processing protein EBP2 OS=Homo sapiens OX=9606 GN=EBNA1BP2 PE=1 SV=2",129,45,25,24,21,0.348837209302326,0.96,0.201923076923077,306,0.700354079616343,"Good"
"sp|Q9BQJ4|TMM47_HUMAN Transmembrane protein 47 OS=Homo sapiens OX=9606 GN=TMEM47 PE=1 SV=1",15,2,2,0,2,0.133333333333333,0,0.153846153846154,181,0.338012891344383,"Poor"
"sp|Q9BRP9|YK016_HUMAN Putative uncharacterized protein MGC13053 OS=Homo sapiens OX=9606 PE=5 SV=2",29,0,9,0,0,0,0,0,147,0.746728955773291,"Good"
"sp|Q9BRR3|PGAP4_HUMAN Post-GPI attachment to proteins factor 4 OS=Homo sapiens OX=9606 GN=PGAP4 PE=1 SV=1",69,28,26,20,8,0.405797101449275,0.769230769230769,0.186046511627907,403,0.70617100991575,"Good"
"sp|Q9BRZ2|TRI56_HUMAN E3 ubiquitin-protein ligase TRIM56 OS=Homo sapiens OX=9606 GN=TRIM56 PE=1 SV=3",177,83,63,49,34,0.468926553672316,0.777777777777778,0.298245614035088,755,0.773186110635214,"Good"
"sp|Q9BSH4|TACO1_HUMAN Translational activator of cytochrome c oxidase 1 OS=Homo sapiens OX=9606 GN=TACO1 PE=1 SV=1",83,32,31,23,9,0.385542168674699,0.741935483870968,0.173076923076923,297,0.800987255576216,"Good"
"sp|Q9BT30|ALKB7_HUMAN Alpha-ketoglutarate-dependent dioxygenase alkB homolog 7, mitochondrial OS=Homo sapiens OX=9606 GN=ALKBH7 PE=1 SV=1",47,16,13,9,7,0.340425531914894,0.692307692307692,0.205882352941176,221,0.807629675555983,"Good"
"sp|Q9BTM1|H2AJ_HUMAN Histone H2A.J OS=Homo sapiens OX=9606 GN=H2AJ PE=1 SV=1",51,14,5,4,10,0.274509803921569,0.8,0.217391304347826,129,0.454385281840822,"Moderate"
"sp|Q9BU20|CPLN2_HUMAN Ciliogenesis and planar polarity effector 2 OS=Homo sapiens OX=9606 GN=CPLANE2 PE=1 SV=2",53,9,21,5,4,0.169811320754717,0.238095238095238,0.125,258,0.765636366827556,"Good"
"sp|Q9BUL9|RPP25_HUMAN Ribonuclease P protein subunit p25 OS=Homo sapiens OX=9606 GN=RPP25 PE=1 SV=1",49,21,13,9,12,0.428571428571429,0.692307692307692,0.333333333333333,199,0.65070149728233,"Good"
"sp|Q9BV68|RN126_HUMAN E3 ubiquitin-protein ligase RNF126 OS=Homo sapiens OX=9606 GN=RNF126 PE=1 SV=2",43,7,5,2,5,0.162790697674419,0.4,0.131578947368421,311,0.305037029836237,"Poor"
"sp|Q9BVS4|RIOK2_HUMAN Serine/threonine-protein kinase RIO2 OS=Homo sapiens OX=9606 GN=RIOK2 PE=1 SV=2",143,57,40,31,26,0.398601398601399,0.775,0.252427184466019,552,0.722818009526705,"Good"
"sp|Q9BW83|IFT27_HUMAN Intraflagellar transport protein 27 homolog OS=Homo sapiens OX=9606 GN=IFT27 PE=1 SV=1",41,25,16,14,11,0.609756097560976,0.875,0.44,186,0.835806935786479,"Good"
"sp|Q9BWD3|RTL8A_HUMAN Retrotransposon Gag-like protein 8A OS=Homo sapiens OX=9606 GN=RTL8A PE=1 SV=3",27,15,11,9,6,0.555555555555556,0.818181818181818,0.375,113,0.845444444444444,"Good"
"sp|Q9BXB7|SPT16_HUMAN Spermatogenesis-associated protein 16 OS=Homo sapiens OX=9606 GN=SPATA16 PE=1 SV=3",159,6,53,5,1,0.0377358490566038,0.0943396226415094,0.00943396226415094,569,0.709084173343672,"Good"
"sp|Q9BXW6|OSBL1_HUMAN Oxysterol-binding protein-related protein 1 OS=Homo sapiens OX=9606 GN=OSBPL1A PE=1 SV=2",227,105,79,57,48,0.462555066079295,0.721518987341772,0.324324324324324,950,0.75191437579641,"Good"
"sp|Q9BXX2|AN30B_HUMAN Ankyrin repeat domain-containing protein 30B OS=Homo sapiens OX=9606 GN=ANKRD30B PE=2 SV=3",391,2,115,1,1,0.0051150895140665,0.00869565217391304,0.0036231884057971,1392,0.761227640106275,"Good"
"sp|Q9BY50|SC11C_HUMAN Signal peptidase complex catalytic subunit SEC11C OS=Homo sapiens OX=9606 GN=SEC11C PE=1 SV=3",53,23,16,12,11,0.433962264150943,0.75,0.297297297297297,192,0.770143013988289,"Good"
"sp|Q9BZH6|WDR11_HUMAN WD repeat-containing protein 11 OS=Homo sapiens OX=9606 GN=WDR11 PE=1 SV=1",247,129,100,80,49,0.522267206477733,0.8,0.333333333333333,1224,0.766860256622351,"Good"
"sp|Q9BZK3|NACP4_HUMAN Putative nascent polypeptide-associated complex subunit alpha-like protein OS=Homo sapiens OX=9606 GN=NACA4P PE=5 SV=1",45,8,12,7,1,0.177777777777778,0.583333333333333,0.0303030303030303,213,0.453708920187793,"Moderate"
"sp|Q9BZL6|KPCD2_HUMAN Serine/threonine-protein kinase D2 OS=Homo sapiens OX=9606 GN=PRKD2 PE=1 SV=3",165,73,54,48,25,0.442424242424242,0.888888888888889,0.225225225225225,878,0.666417447480074,"Good"
"sp|Q9GZN7|ROGDI_HUMAN Protein rogdi homolog OS=Homo sapiens OX=9606 GN=ROGDI PE=1 SV=1",53,28,28,19,9,0.528301886792453,0.678571428571429,0.36,287,0.842777910722503,"Good"
"sp|Q9GZP4|PITH1_HUMAN PITH domain-containing protein 1 OS=Homo sapiens OX=9606 GN=PITHD1 PE=1 SV=1",47,32,19,16,16,0.680851063829787,0.842105263157895,0.571428571428571,211,0.863580378250591,"Good"
"sp|Q9GZR7|DDX24_HUMAN ATP-dependent RNA helicase DDX24 OS=Homo sapiens OX=9606 GN=DDX24 PE=1 SV=1",263,117,73,67,50,0.444866920152091,0.917808219178082,0.263157894736842,859,0.720283727318269,"Good"
"sp|Q9H0B3|IQCN_HUMAN IQ domain-containing protein N OS=Homo sapiens OX=9606 GN=IQCN PE=1 SV=1",267,125,109,77,48,0.468164794007491,0.706422018348624,0.30379746835443,1180,0.781262149431854,"Good"
"sp|Q9H0R4|HDHD2_HUMAN Haloacid dehalogenase-like hydrolase domain-containing protein 2 OS=Homo sapiens OX=9606 GN=HDHD2 PE=1 SV=1",61,30,18,15,15,0.491803278688525,0.833333333333333,0.348837209302326,259,0.744293626178872,"Good"
"sp|Q9H0U3|MAGT1_HUMAN Magnesium transporter protein 1 OS=Homo sapiens OX=9606 GN=MAGT1 PE=1 SV=1",69,26,19,16,10,0.376811594202899,0.842105263157895,0.2,335,0.666248524558135,"Good"
"sp|Q9H1Y3|OPN3_HUMAN Opsin-3 OS=Homo sapiens OX=9606 GN=OPN3 PE=1 SV=1",69,3,14,3,0,0.0434782608695652,0.214285714285714,0,402,0.53931689379191,"Moderate"
"sp|Q9H267|VP33B_HUMAN Vacuolar protein sorting-associated protein 33B OS=Homo sapiens OX=9606 GN=VPS33B PE=1 SV=2",159,79,75,63,16,0.49685534591195,0.84,0.19047619047619,617,0.822951738861197,"Good"
"sp|Q9H3S7|PTN23_HUMAN Tyrosine-protein phosphatase non-receptor type 23 OS=Homo sapiens OX=9606 GN=PTPN23 PE=1 SV=1",291,157,107,89,68,0.539518900343643,0.831775700934579,0.369565217391304,1636,0.708931118822783,"Good"
"sp|Q9H4M9|EHD1_HUMAN EH domain-containing protein 1 OS=Homo sapiens OX=9606 GN=EHD1 PE=1 SV=2",133,81,59,58,23,0.609022556390977,0.983050847457627,0.310810810810811,534,0.770970059981414,"Good"
"sp|Q9H6X4|TM134_HUMAN Transmembrane protein 134 OS=Homo sapiens OX=9606 GN=TMEM134 PE=1 SV=1",33,13,7,7,6,0.393939393939394,1,0.230769230769231,195,0.546716083916084,"Moderate"
"sp|Q9H8G1|ZN430_HUMAN Zinc finger protein 430 OS=Homo sapiens OX=9606 GN=ZNF430 PE=1 SV=3",159,76,62,49,27,0.477987421383648,0.790322580645161,0.278350515463918,570,0.857787632030333,"Good"
"sp|Q9H8L6|MMRN2_HUMAN Multimerin-2 OS=Homo sapiens OX=9606 GN=MMRN2 PE=1 SV=2",183,77,65,45,32,0.420765027322404,0.692307692307692,0.271186440677966,949,0.738442570539937,"Good"
"sp|Q9H8M9|EVA1A_HUMAN Protein eva-1 homolog A OS=Homo sapiens OX=9606 GN=EVA1A PE=1 SV=1",39,10,6,6,4,0.256410256410256,1,0.121212121212121,152,0.536652496626181,"Moderate"
"sp|Q9H903|MTD2L_HUMAN Bifunctional methylenetetrahydrofolate dehydrogenase/cyclohydrolase 2, mitochondrial OS=Homo sapiens OX=9606 GN=MTHFD2L PE=1 SV=3",79,27,33,17,10,0.341772151898734,0.515151515151515,0.217391304347826,347,0.822517838657247,"Good"
"sp|Q9H977|WDR54_HUMAN WD repeat-containing protein 54 OS=Homo sapiens OX=9606 GN=WDR54 PE=1 SV=1",41,19,10,9,10,0.463414634146341,0.9,0.32258064516129,334,0.557440889328285,"Moderate"
"sp|Q9HA77|SYCM_HUMAN Probable cysteine--tRNA ligase, mitochondrial OS=Homo sapiens OX=9606 GN=CARS2 PE=1 SV=1",127,52,47,36,16,0.409448818897638,0.765957446808511,0.2,564,0.682199949740325,"Good"
"sp|Q9HAV4|XPO5_HUMAN Exportin-5 OS=Homo sapiens OX=9606 GN=XPO5 PE=1 SV=1",227,127,82,70,57,0.559471365638767,0.853658536585366,0.393103448275862,1204,0.72098996666287,"Good"
"sp|Q9HBW0|LPAR2_HUMAN Lysophosphatidic acid receptor 2 OS=Homo sapiens OX=9606 GN=LPAR2 PE=1 SV=3",63,9,17,5,4,0.142857142857143,0.294117647058824,0.0869565217391304,348,0.646314218348701,"Moderate"
"sp|Q9HCE1|MOV10_HUMAN Helicase MOV-10 OS=Homo sapiens OX=9606 GN=MOV10 PE=1 SV=2",253,122,103,79,43,0.482213438735178,0.766990291262136,0.286666666666667,1003,0.799873558977434,"Good"
"sp|Q9HCU0|CD248_HUMAN Endosialin OS=Homo sapiens OX=9606 GN=CD248 PE=1 SV=1",85,38,22,16,22,0.447058823529412,0.727272727272727,0.349206349206349,757,0.550914511003595,"Moderate"
"sp|Q9HD90|NDF4_HUMAN Neurogenic differentiation factor 4 OS=Homo sapiens OX=9606 GN=NEUROD4 PE=1 SV=2",75,9,16,5,4,0.12,0.3125,0.0677966101694915,331,0.421519973145351,"Moderate"
"sp|Q9NPB9|ACKR4_HUMAN Atypical chemokine receptor 4 OS=Homo sapiens OX=9606 GN=ACKR4 PE=1 SV=1",59,3,8,2,1,0.0508474576271186,0.25,0.0196078431372549,350,0.416030314769976,"Moderate"
"sp|Q9NPH9|IL26_HUMAN Interleukin-26 OS=Homo sapiens OX=9606 GN=IL26 PE=1 SV=1",63,2,15,1,1,0.0317460317460317,0.0666666666666667,0.0208333333333333,171,0.687231746031746,"Good"
"sp|Q9NQ40|S52A3_HUMAN Solute carrier family 52, riboflavin transporter, member 3 OS=Homo sapiens OX=9606 GN=SLC52A3 PE=1 SV=4",27,5,5,4,1,0.185185185185185,0.8,0.0454545454545455,469,0.404151050304035,"Moderate"
"sp|Q9NQ60|EQTN_HUMAN Equatorin OS=Homo sapiens OX=9606 GN=EQTN PE=2 SV=2",47,17,12,8,9,0.361702127659574,0.666666666666667,0.257142857142857,294,0.690889748549323,"Good"
"sp|Q9NQR4|NIT2_HUMAN Omega-amidase NIT2 OS=Homo sapiens OX=9606 GN=NIT2 PE=1 SV=1",61,40,34,33,7,0.655737704918033,0.970588235294118,0.259259259259259,276,0.877447540983607,"Good"
"sp|Q9NR55|BATF3_HUMAN Basic leucine zipper transcriptional factor ATF-like 3 OS=Homo sapiens OX=9606 GN=BATF3 PE=1 SV=1",39,6,5,0,6,0.153846153846154,0,0.176470588235294,127,0.561968907732687,"Moderate"
"sp|Q9NRC9|OTOR_HUMAN Otoraplin OS=Homo sapiens OX=9606 GN=OTOR PE=1 SV=1",27,0,6,0,0,0,0,0,128,0.569036574074074,"Moderate"
"sp|Q9NRJ5|PAPOB_HUMAN Poly(A) polymerase beta OS=Homo sapiens OX=9606 GN=PAPOLB PE=2 SV=2",125,28,59,19,9,0.224,0.322033898305085,0.136363636363636,637,0.821696931639789,"Good"
"sp|Q9NRN7|ADPPT_HUMAN L-aminoadipate-semialdehyde dehydrogenase-phosphopantetheinyl transferase OS=Homo sapiens OX=9606 GN=AASDHPPT PE=1 SV=2",77,42,26,23,19,0.545454545454545,0.884615384615385,0.372549019607843,309,0.745470012188459,"Good"
"sp|Q9NSB8|HOME2_HUMAN Homer protein homolog 2 OS=Homo sapiens OX=9606 GN=HOMER2 PE=1 SV=1",115,43,39,24,19,0.373913043478261,0.615384615384615,0.25,354,0.829912839408197,"Good"
"sp|Q9NUK0|MBNL3_HUMAN Muscleblind-like protein 3 OS=Homo sapiens OX=9606 GN=MBNL3 PE=1 SV=2",61,24,16,13,11,0.39344262295082,0.8125,0.244444444444444,354,0.551480647916602,"Moderate"
"sp|Q9NUR3|TM74B_HUMAN Transmembrane protein 74B OS=Homo sapiens OX=9606 GN=TMEM74B PE=2 SV=1",49,10,17,7,3,0.204081632653061,0.411764705882353,0.09375,256,0.692438350340136,"Good"
"sp|Q9NVF9|EKI2_HUMAN Ethanolamine kinase 2 OS=Homo sapiens OX=9606 GN=ETNK2 PE=1 SV=3",75,27,33,18,9,0.36,0.545454545454545,0.214285714285714,386,0.797527633851468,"Good"
"sp|Q9NYB0|TE2IP_HUMAN Telomeric repeat-binding factor 2-interacting protein 1 OS=Homo sapiens OX=9606 GN=TERF2IP PE=1 SV=1",91,47,27,21,26,0.516483516483517,0.777777777777778,0.40625,399,0.71074159478965,"Good"
"sp|Q9NYC9|DYH9_HUMAN Dynein axonemal heavy chain 9 OS=Homo sapiens OX=9606 GN=DNAH9 PE=1 SV=3",971,202,380,132,70,0.208032955715757,0.347368421052632,0.11844331641286,4486,0.769092715924506,"Good"
"sp|Q9NYQ6|CELR1_HUMAN Cadherin EGF LAG seven-pass G-type receptor 1 OS=Homo sapiens OX=9606 GN=CELSR1 PE=1 SV=1",499,149,190,106,43,0.298597194388778,0.557894736842105,0.13915857605178,3014,0.702771978771079,"Good"
"sp|Q9NYR9|KBRS2_HUMAN NF-kappa-B inhibitor-interacting Ras-like protein 2 OS=Homo sapiens OX=9606 GN=NKIRAS2 PE=1 SV=1",61,23,17,13,10,0.377049180327869,0.764705882352941,0.227272727272727,191,0.729956858195752,"Good"
"sp|Q9NYW5|TA2R4_HUMAN Taste receptor type 2 member 4 OS=Homo sapiens OX=9606 GN=TAS2R4 PE=1 SV=1",47,0,5,0,0,0,0,0,299,0.397375423990133,"Poor"
"sp|Q9NZC3|GDE1_HUMAN Glycerophosphodiester phosphodiesterase 1 OS=Homo sapiens OX=9606 GN=GDE1 PE=1 SV=1",61,28,26,18,10,0.459016393442623,0.692307692307692,0.285714285714286,331,0.754557428077016,"Good"
"sp|Q9NZC4|EHF_HUMAN ETS homologous factor OS=Homo sapiens OX=9606 GN=EHF PE=2 SV=1",69,19,16,11,8,0.27536231884058,0.6875,0.150943396226415,300,0.613755672163918,"Moderate"
"sp|Q9P0L0|VAPA_HUMAN Vesicle-associated membrane protein-associated protein A OS=Homo sapiens OX=9606 GN=VAPA PE=1 SV=3",65,37,17,16,21,0.569230769230769,0.941176470588235,0.4375,249,0.75167765291937,"Good"
"sp|Q9P2E7|PCD10_HUMAN Protocadherin-10 OS=Homo sapiens OX=9606 GN=PCDH10 PE=1 SV=2",163,50,56,37,13,0.306748466257669,0.660714285714286,0.121495327102804,1040,0.623200719346755,"Moderate"
"sp|Q9P2X8|CI027_HUMAN Putative uncharacterized protein encoded by LINC00474 OS=Homo sapiens OX=9606 GN=LINC00474 PE=5 SV=2",15,0,3,0,0,0,0,0,69,0.746623188405797,"Good"
"sp|Q9UBF9|MYOTI_HUMAN Myotilin OS=Homo sapiens OX=9606 GN=MYOT PE=1 SV=2",107,63,44,35,28,0.588785046728972,0.795454545454545,0.444444444444444,498,0.790408662688136,"Good"
"sp|Q9UBN4|TRPC4_HUMAN Short transient receptor potential channel 4 OS=Homo sapiens OX=9606 GN=TRPC4 PE=1 SV=1",221,28,73,13,15,0.126696832579186,0.178082191780822,0.101351351351351,977,0.734614212469574,"Good"
"sp|Q9UBZ9|REV1_HUMAN DNA repair protein REV1 OS=Homo sapiens OX=9606 GN=REV1 PE=1 SV=1",279,86,92,55,31,0.308243727598566,0.597826086956522,0.165775401069519,1251,0.733288331005025,"Good"
"sp|Q9UHD9|UBQL2_HUMAN Ubiquilin-2 OS=Homo sapiens OX=9606 GN=UBQLN2 PE=1 SV=2",59,27,22,20,7,0.457627118644068,0.909090909090909,0.189189189189189,624,0.559116403737505,"Moderate"
"sp|Q9UHY8|FEZ2_HUMAN Fasciculation and elongation protein zeta-2 OS=Homo sapiens OX=9606 GN=FEZ2 PE=1 SV=2",73,28,23,21,7,0.383561643835616,0.91304347826087,0.14,353,0.728766586466943,"Good"
"sp|Q9UIG4|PS1C2_HUMAN Psoriasis susceptibility 1 candidate gene 2 protein OS=Homo sapiens OX=9606 GN=PSORS1C2 PE=1 SV=2",13,1,1,1,0,0.0769230769230769,1,0,136,0.480185520361991,"Moderate"
"sp|Q9UIG8|SO3A1_HUMAN Solute carrier organic anion transporter family member 3A1 OS=Homo sapiens OX=9606 GN=SLCO3A1 PE=1 SV=3",95,20,14,9,11,0.210526315789474,0.642857142857143,0.135802469135802,710,0.440936944352138,"Moderate"
"sp|Q9UJJ9|GNPTG_HUMAN N-acetylglucosamine-1-phosphotransferase subunit gamma OS=Homo sapiens OX=9606 GN=GNPTG PE=1 SV=1",63,23,13,9,14,0.365079365079365,0.692307692307692,0.28,305,0.607487046578194,"Moderate"
"sp|Q9UK32|KS6A6_HUMAN Ribosomal protein S6 kinase alpha-6 OS=Homo sapiens OX=9606 GN=RPS6KA6 PE=1 SV=1",169,68,72,52,16,0.402366863905325,0.722222222222222,0.164948453608247,745,0.771980175707652,"Good"
"sp|Q9UK76|JUPI1_HUMAN Jupiter microtubule associated homolog 1 OS=Homo sapiens OX=9606 GN=JPT1 PE=1 SV=3",31,18,11,9,9,0.580645161290323,0.818181818181818,0.45,154,0.74018009315163,"Good"
"sp|Q9UKB1|FBW1B_HUMAN F-box/WD repeat-containing protein 11 OS=Homo sapiens OX=9606 GN=FBXW11 PE=1 SV=1",127,54,64,42,12,0.425196850393701,0.65625,0.19047619047619,542,0.836170872347394,"Good"
"sp|Q9UKC9|FBXL2_HUMAN F-box/LRR-repeat protein 2 OS=Homo sapiens OX=9606 GN=FBXL2 PE=1 SV=3",93,30,48,26,4,0.32258064516129,0.541666666666667,0.0888888888888889,423,0.830280332494471,"Good"
"sp|Q9UKP5|ATS6_HUMAN A disintegrin and metalloproteinase with thrombospondin motifs 6 OS=Homo sapiens OX=9606 GN=ADAMTS6 PE=2 SV=2",209,11,77,6,5,0.0526315789473684,0.0779220779220779,0.0378787878787879,1117,0.748968517019287,"Good"
"sp|Q9UKY7|CDV3_HUMAN Protein CDV3 homolog OS=Homo sapiens OX=9606 GN=CDV3 PE=1 SV=1",71,30,11,10,20,0.422535211267606,0.909090909090909,0.333333333333333,258,0.529488094938144,"Moderate"
"sp|Q9UL40|ZN346_HUMAN Zinc finger protein 346 OS=Homo sapiens OX=9606 GN=ZNF346 PE=1 SV=1",89,32,24,18,14,0.359550561797753,0.75,0.215384615384615,294,0.700442123954162,"Good"
"sp|Q9ULJ6|ZMIZ1_HUMAN Zinc finger MIZ domain-containing protein 1 OS=Homo sapiens OX=9606 GN=ZMIZ1 PE=1 SV=3",103,42,22,19,23,0.407766990291262,0.863636363636364,0.283950617283951,1067,0.456579396845187,"Moderate"
"sp|Q9ULT8|HECD1_HUMAN E3 ubiquitin-protein ligase HECTD1 OS=Homo sapiens OX=9606 GN=HECTD1 PE=1 SV=4",547,258,179,147,111,0.471663619744059,0.82122905027933,0.301630434782609,2610,0.719451115721436,"Good"
"sp|Q9UP52|TFR2_HUMAN Transferrin receptor protein 2 OS=Homo sapiens OX=9606 GN=TFR2 PE=1 SV=1",135,47,50,23,24,0.348148148148148,0.46,0.282352941176471,801,0.68932138817089,"Good"
"sp|Q9UQ10|DHDH_HUMAN Trans-1,2-dihydrobenzene-1,2-diol dehydrogenase OS=Homo sapiens OX=9606 GN=DHDH PE=1 SV=1",67,8,31,7,1,0.119402985074627,0.225806451612903,0.0277777777777778,334,0.776638085482308,"Good"
"sp|Q9UQE7|SMC3_HUMAN Structural maintenance of chromosomes protein 3 OS=Homo sapiens OX=9606 GN=SMC3 PE=1 SV=2",419,195,108,101,94,0.465393794749403,0.935185185185185,0.302250803858521,1217,0.776119638593647,"Good"
"sp|Q9Y227|ENTP4_HUMAN Ectonucleoside triphosphate diphosphohydrolase 4 OS=Homo sapiens OX=9606 GN=ENTPD4 PE=1 SV=1",137,41,50,28,13,0.299270072992701,0.56,0.149425287356322,616,0.718660927958314,"Good"
"sp|Q9Y296|TPPC4_HUMAN Trafficking protein particle complex subunit 4 OS=Homo sapiens OX=9606 GN=TRAPPC4 PE=1 SV=1",43,28,29,25,3,0.651162790697674,0.862068965517241,0.214285714285714,219,0.849144661009586,"Good"
"sp|Q9Y2I9|TBC30_HUMAN TBC1 domain family member 30 OS=Homo sapiens OX=9606 GN=TBC1D30 PE=1 SV=2",227,68,71,39,29,0.299559471365639,0.549295774647887,0.185897435897436,924,0.755109718854744,"Good"
"sp|Q9Y2R5|RT17_HUMAN Small ribosomal subunit protein uS17m OS=Homo sapiens OX=9606 GN=MRPS17 PE=1 SV=1",39,12,11,8,4,0.307692307692308,0.727272727272727,0.142857142857143,130,0.655990476190476,"Good"
"sp|Q9Y305|ACOT9_HUMAN Acyl-coenzyme A thioesterase 9, mitochondrial OS=Homo sapiens OX=9606 GN=ACOT9 PE=1 SV=2",109,62,47,43,19,0.568807339449541,0.914893617021277,0.306451612903226,439,0.816189134453351,"Good"
"sp|Q9Y3B4|SF3B6_HUMAN Splicing factor 3B subunit 6 OS=Homo sapiens OX=9606 GN=SF3B6 PE=1 SV=1",41,19,17,13,6,0.463414634146341,0.764705882352941,0.25,125,0.842385436807095,"Good"
"sp|Q9Y3D8|KAD6_HUMAN Adenylate kinase isoenzyme 6 OS=Homo sapiens OX=9606 GN=AK6 PE=1 SV=1",33,19,11,10,9,0.575757575757576,0.909090909090909,0.409090909090909,172,0.824625199362041,"Good"
"sp|Q9Y4X0|AMMR1_HUMAN Nuclear protein AMMECR1 OS=Homo sapiens OX=9606 GN=AMMECR1 PE=1 SV=1",69,20,21,16,4,0.289855072463768,0.761904761904762,0.0833333333333333,333,0.584464882943144,"Moderate"
"sp|Q9Y520|PRC2C_HUMAN Protein PRRC2C OS=Homo sapiens OX=9606 GN=PRRC2C PE=1 SV=4",665,264,104,95,169,0.396992481203008,0.913461538461538,0.301247771836007,2896,0.556514781021452,"Moderate"
"sp|Q9Y576|ASB1_HUMAN Ankyrin repeat and SOCS box protein 1 OS=Homo sapiens OX=9606 GN=ASB1 PE=1 SV=1",81,25,24,16,9,0.308641975308642,0.666666666666667,0.157894736842105,335,0.779978614862197,"Good"
"sp|Q9Y5I3|PCDA1_HUMAN Protocadherin alpha-1 OS=Homo sapiens OX=9606 GN=PCDHA1 PE=2 SV=1",175,35,53,19,16,0.2,0.358490566037736,0.131147540983607,950,0.684052078344008,"Good"
"sp|Q9Y5L2|HLPDA_HUMAN Hypoxia-inducible lipid droplet-associated protein OS=Homo sapiens OX=9606 GN=HILPDA PE=1 SV=1",11,3,1,0,3,0.272727272727273,0,0.3,63,0.783844155844156,"Good"
"sp|Q9Y5L3|ENTP2_HUMAN Ectonucleoside triphosphate diphosphohydrolase 2 OS=Homo sapiens OX=9606 GN=ENTPD2 PE=1 SV=1",73,25,20,13,12,0.342465753424658,0.65,0.226415094339623,495,0.625369939649392,"Moderate"
"sp|Q9Y5L5|LENEP_HUMAN Lens epithelial cell protein LEP503 OS=Homo sapiens OX=9606 GN=LENEP PE=1 SV=1",15,4,7,3,1,0.266666666666667,0.428571428571429,0.125,61,0.865533333333333,"Good"
"sp|Q9Y696|CLIC4_HUMAN Chloride intracellular channel protein 4 OS=Homo sapiens OX=9606 GN=CLIC4 PE=1 SV=4",63,37,25,23,14,0.587301587301587,0.92,0.368421052631579,253,0.836190186624969,"Good"
"sp|Q9Y6K0|CEPT1_HUMAN Choline/ethanolaminephosphotransferase 1 OS=Homo sapiens OX=9606 GN=CEPT1 PE=1 SV=1",57,19,14,8,11,0.333333333333333,0.571428571428571,0.255813953488372,416,0.519482318120476,"Moderate"
"sp|Q9Y6N7|ROBO1_HUMAN Roundabout homolog 1 OS=Homo sapiens OX=9606 GN=ROBO1 PE=1 SV=1",297,130,81,68,62,0.437710437710438,0.839506172839506,0.287037037037037,1651,0.667080057946542,"Good"
"sp|Q9Y6N9|USH1C_HUMAN Harmonin OS=Homo sapiens OX=9606 GN=USH1C PE=1 SV=3",147,62,39,32,30,0.421768707482993,0.82051282051282,0.277777777777778,552,0.735865424430642,"Good"
"sp|Q9Y6W8|ICOS_HUMAN Inducible T-cell costimulator OS=Homo sapiens OX=9606 GN=ICOS PE=1 SV=1",37,5,11,4,1,0.135135135135135,0.363636363636364,0.0384615384615385,199,0.626731332337362,"Moderate"
