Number	m/z (mi)	m/z (av)	Modifications	Start	End	Missed Cleavages	Sequence
1	517.2980	517.6061		281	285	0	(R)ADLAK(Y)
1	545.3406	545.6632		101	105	0	(K)VASLR(E)
1	590.3144	590.6578		152	156	1	(K)ADEKK(F)
1	609.2879	609.6604		524	528	0	(K)AFDEK(L)
1	634.3784	634.7635		20	24	1	(R)GVFRR(D)
1	641.2889	641.6621	1Gln->pyro-Glu	118	122	0	(K)QEPER(N)
1	649.3338	649.7916		205	209	0	(K)IETMR(E)
1	649.3338	649.7916		223	228	0	(R)CASIQK(F)
1	656.3474	656.7235		24	28	1	(R)RDTHK(S)
1	658.3155	658.6928		118	122	0	(K)QEPER(N)
1	660.3563	660.7494		490	495	0	(K)TPVSEK(V)
1	665.3287	665.7910	1Oxidation	205	209	0	(K)IETMR(E)
1	665.3770	665.8180		156	160	1	(K)KFWGK(Y)
1	689.3729	689.7968		236	241	0	(K)AWSVAR(L)
1	701.4015	701.9116		198	204	0	(K)GACLLPK(I)
1	703.4097	703.8212		212	218	0	(K)VLASSAR(Q)
1	712.3737	712.7881		29	34	0	(K)SEIAHR(F)
1	725.2593	725.8222		581	587	0	(K)CCAADDK(E)
1	752.3573	752.8067		341	346	0	(K)NYQEAK(D)
1	789.4716	789.9529		257	263	0	(K)LVTDLTK(V)
1	817.4890	817.9693		452	459	1	(R)SLGKVGTR(C)
1	818.4254	818.9074		562	568	0	(K)ATEEQLK(T)
1	820.4676	820.9726		229	235	1	(K)FGERALK(A)
1	841.4600	842.0542		483	489	0	(R)LCVLHEK(T)
1	847.5036	848.0391		242	248	1	(R)LSQKFPK(A)
1	886.4153	886.9394		131	138	0	(K)DDSPDLPK(L)
1	906.4713	907.0830		205	211	1	(K)IETMREK(V)
1	918.5189	919.1407		221	228	1	(R)LRCASIQK(F)
1	922.4662	923.0823	1Oxidation	205	211	1	(K)IETMREK(V)
1	922.4880	923.0600		249	256	0	(K)AEFVEVTK(L)
1	927.4934	928.0823		161	167	0	(K)YLYEIAR(R)
1	960.5473	961.1126		210	218	1	(R)EKVLASSAR(Q)
1	974.4578	975.0521		37	44	0	(K)DLGEEHFK(G)
1	977.4509	978.1213		123	130	0	(R)NECFLSHK(D)
1	987.5370	988.1411		29	36	1	(K)SEIAHRFK(D)
1	987.5694	988.1414		212	220	1	(K)VLASSARQR(L)
1	988.5673	989.1637		490	498	1	(K)TPVSEKVTK(C)
1	994.3935	995.0617	1Gln->pyro-Glu	413	420	0	(K)QNCDQFEK(L)
1	997.5928	998.2149	1Gln->pyro-Glu	549	557	0	(K)QTALVELLK(H)
1	1001.5891	1002.2118		233	241	1	(R)ALKAWSVAR(L)
1	1002.5830	1003.1908		598	607	0	(K)LVVSTQTALA(-)
1	1011.4200	1012.0924		413	420	0	(K)QNCDQFEK(L)
1	1014.6194	1015.2455		549	557	0	(K)QTALVELLK(H)
1	1015.4877	1016.1679		310	318	0	(K)SHCIAEVEK(D)
1	1024.4550	1025.1977		499	507	0	(K)CCTESLVNR(R)
1	1050.4925	1051.2136		588	597	0	(K)EACFAVEGPK(L)
1	1052.4499	1053.2082		460	468	0	(R)CCTKPESER(M)
1	1083.5946	1084.2709		161	168	1	(K)YLYEIARR(H)
1	1138.5674	1139.3265		223	232	1	(R)CASIQKFGER(A)
1	1142.7143	1143.4207		548	557	1	(K)KQTALVELLK(H)
1	1145.6426	1146.3427		236	245	1	(K)AWSVARLSQK(F)
1	1153.6939	1154.4035		257	266	1	(K)LVTDLTKVHK(E)
1	1163.6307	1164.3521		66	75	0	(K)LVNELTEFAK(T)
1	1177.5592	1178.4205		300	309	0	(K)ECCDKPLLEK(S)
1	1193.6022	1194.3001		25	34	1	(R)DTHKSEIAHR(F)
1	1197.5568	1198.3481		337	346	1	(K)DVCKNYQEAK(D)
1	1249.6212	1250.4051		35	44	1	(R)FKDLGEEHFK(G)
1	1283.7106	1284.5100		361	371	0	(R)HPEYAVSVLLR(L)
1	1294.7042	1295.5305		246	256	1	(K)FPKAEFVEVTK(L)
1	1305.7161	1306.5136		402	412	0	(K)HLVDEPQNLIK(Q)
1	1308.7270	1309.5172		558	568	1	(K)HKPKATEEQLK(T)
1	1331.7174	1332.6804		198	209	1	(K)GACLLPKIETMR(E)
1	1347.7123	1348.6798	1Oxidation	198	209	1	(K)GACLLPKIETMR(E)
1	1349.5460	1350.4775		76	88	0	(K)TCVADESHAGCEK(S)
1	1352.6661	1353.6120		496	507	1	(K)VTKCCTESLVNR(R)
1	1362.6722	1363.5849		89	100	0	(K)SLHTLFGDELCK(V)
1	1364.4803	1365.5083		106	117	0	(R)ETYGDMADCCEK(Q)
1	1380.4752	1381.5077	1Oxidation	106	117	0	(R)ETYGDMADCCEK(Q)
1	1386.6206	1387.5172		286	297	0	(K)YICDNQDTISSK(L)
1	1388.5708	1389.5521		375	386	0	(K)EYEATLEECCAK(D)
1	1399.6926	1400.6465		569	580	0	(K)TVMENFVAFVDK(C)
1	1415.6875	1416.6459	1Oxidation	569	580	0	(K)TVMENFVAFVDK(C)
1	1418.7382	1419.7561		298	309	1	(K)LKECCDKPLLEK(S)
1	1439.8118	1440.6987		360	371	1	(R)RHPEYAVSVLLR(L)
1	1445.7576	1446.7023		157	167	1	(K)FWGKYLYEIAR(R)
1	1465.6886	1466.6882		456	468	1	(K)VGTRCCTKPESER(M)
1	1479.7954	1480.7173		421	433	0	(K)LGEYGFQNALIVR(Y)
1	1482.7985	1483.7809		483	495	1	(R)LCVLHEKTPVSEK(V)
1	1487.8944	1488.8247	1Gln->pyro-Glu	549	561	1	(K)QTALVELLKHKPK(A)
1	1497.6315	1498.6207		387	399	0	(K)DDPHACYSTVFDK(L)
1	1504.9210	1505.8554		549	561	1	(K)QTALVELLKHKPK(A)
1	1511.8428	1512.7570		438	451	0	(K)VPQVSTPTLVEVSR(S)
1	1519.7461	1520.7552		139	151	0	(K)LKPDPNTLCDEFK(A)
1	1546.8952	1547.8493		400	412	1	(K)LKHLVDEPQNLIK(Q)
1	1567.7427	1568.7367		347	359	0	(K)DAFLGSFLYEYSR(R)
1	1578.5981	1579.7368		267	280	0	(K)ECCHGDLLECADDR(A)
1	1595.9268	1596.9250		361	374	1	(R)HPEYAVSVLLRLAK(E)
1	1599.7220	1600.7607	1Gln->pyro-Glu	118	130	1	(K)QEPERNECFLSHK(D)
1	1616.7486	1617.7914		118	130	1	(K)QEPERNECFLSHK(D)
1	1627.7996	1628.8528		286	299	1	(K)YICDNQDTISSKLK(E)
1	1633.6621	1634.7944		184	197	0	(K)YNGVFQECCQAEDK(G)
1	1639.9377	1640.9322		437	451	1	(R)KVPQVSTPTLVEVSR(S)
1	1667.8131	1668.9837		469	482	0	(R)MPCTEDYLSLILNR(L)
1	1683.8081	1684.9831	1Oxidation	469	482	0	(R)MPCTEDYLSLILNR(L)
1	1692.9418	1693.9902		249	263	1	(K)AEFVEVTKLVTDLTK(V)
1	1700.7870	1701.9671		372	386	1	(R)LAKEYEATLEECCAK(D)
1	1723.8438	1724.9253		347	360	1	(K)DAFLGSFLYEYSRR(H)
1	1738.8105	1739.9564		387	401	1	(K)DDPHACYSTVFDKLK(H)
1	1756.7339	1758.0130		581	597	1	(K)CCAADDKEACFAVEGPK(L)
1	1823.8996	1825.1064		508	523	0	(R)RPCFSALTPDETYVPK(A)
1	1844.8483	1846.0380		123	138	1	(R)NECFLSHKDDSPDLPK(L)
1	1850.8993	1852.1292		529	544	0	(K)LFTFHADICTLPDTEK(Q)
1	1884.9008	1886.1006		281	297	1	(R)ADLAKYICDNQDTISSK(L)
1	1888.9268	1890.1618		169	183	0	(R)HPYFYAPELLYYANK(Y)
1	1888.9949	1890.2254		89	105	1	(K)SLHTLFGDELCKVASLR(E)
1	1890.8030	1892.1488		101	117	1	(K)VASLRETYGDMADCCEK(Q)
1	1897.0753	1898.2236		438	455	1	(K)VPQVSTPTLVEVSRSLGK(V)
1	1900.0076	1901.1889		421	436	1	(K)LGEYGFQNALIVRYTR(K)
1	1906.7980	1908.1482	1Oxidation	101	117	1	(K)VASLRETYGDMADCCEK(Q)
1	1942.8204	1944.1874		264	280	1	(K)VHKECCHGDLLECADDR(A)
1	1955.9597	1957.1575		319	336	0	(K)DAIPENLPPLTADFAEDK(D)
1	1962.9477	1964.2151		139	155	1	(K)LKPDPNTLCDEFKADEK(K)
1	2003.1001	2004.3945		3	19	0	(K)WVTFISLLLLFSSAYSR(G)
1	2003.7780	2005.1783		106	122	1	(R)ETYGDMADCCEKQEPER(N)
1	2019.7729	2021.1777	1Oxidation	106	122	1	(R)ETYGDMADCCEKQEPER(N)
1	2034.0576	2035.3816		588	607	1	(K)EACFAVEGPKLVVSTQTALA(-)
1	2045.0280	2046.3505		168	183	1	(R)RHPYFYAPELLYYANK(Y)
1	2076.8783	2078.3202		267	285	1	(K)ECCHGDLLECADDRADLAK(Y)
1	2105.9341	2107.4460		569	587	1	(K)TVMENFVAFVDKCCAADDK(E)
1	2121.9290	2123.4453	1Oxidation	569	587	1	(K)TVMENFVAFVDKCCAADDK(E)
1	2131.1950	2132.5697	1Met-loss	1	19	1	(-)MKWVTFISLLLLFSSAYSR(G)
1	2173.2056	2174.6073	1Met-loss+Acetyl	1	19	1	(-)MKWVTFISLLLLFSSAYSR(G)
1	2174.0290	2175.5656		300	318	1	(K)ECCDKPLLEKSHCIAEVEK(D)
1	2199.1002	2200.5312		562	580	1	(K)ATEEQLKTVMENFVAFVDK(C)
1	2215.0951	2216.5305	1Oxidation	562	580	1	(K)ATEEQLKTVMENFVAFVDK(C)
1	2220.1369	2221.5964		529	547	1	(K)LFTFHADICTLPDTEKQIK(K)
1	2262.2355	2263.7675		1	19	1	(-)MKWVTFISLLLLFSSAYSR(G)
1	2278.2304	2279.7669	1Oxidation	1	19	1	(-)MKWVTFISLLLLFSSAYSR(G)
1	2298.1183	2299.5832		402	420	1	(K)HLVDEPQNLIKQNCDQFEK(L)
1	2301.0822	2302.5206		341	359	1	(K)NYQEAKDAFLGSFLYEYSR(R)
1	2304.2461	2305.8051	1Acetyl	1	19	1	(-)MKWVTFISLLLLFSSAYSR(G)
1	2316.0457	2317.6832		184	204	1	(K)YNGVFQECCQAEDKGACLLPK(I)
1	2320.2410	2321.8044	1Acetyl 1Oxidation	1	19	1	(-)MKWVTFISLLLLFSSAYSR(G)
1	2387.1435	2388.6719		131	151	1	(K)DDSPDLPKLKPDPNTLCDEFK(A)
1	2401.1592	2402.6990		319	340	1	(K)DAIPENLPPLTADFAEDKDVCK(N)
1	2414.1697	2415.7440		508	528	1	(R)RPCFSALTPDETYVPKAFDEK(L)
1	2435.2428	2436.8529		45	65	0	(K)GLVLIAFSQYLQQCPFDEHVK(L)
1	2441.1693	2442.7669		524	544	1	(K)AFDEKLFTFHADICTLPDTEK(Q)
1	2455.1711	2456.7562	1Gln->pyro-Glu	413	433	1	(K)QNCDQFEKLGEYGFQNALIVR(Y)
1	2462.3595	2463.9467		3	23	1	(K)WVTFISLLLLFSSAYSRGVFR(R)
1	2472.1976	2473.7869		413	433	1	(K)QNCDQFEKLGEYGFQNALIVR(Y)
1	2490.2553	2492.0151		469	489	1	(R)MPCTEDYLSLILNRLCVLHEK(T)
1	2494.1589	2495.8068		66	88	1	(K)LVNELTEFAKTCVADESHAGCEK(S)
1	2506.2502	2508.0145	1Oxidation	469	489	1	(R)MPCTEDYLSLILNRLCVLHEK(T)
1	2693.2004	2695.0397		76	100	1	(K)TCVADESHAGCEKSLHTLFGDELCK(V)
1	2701.2452	2703.1691		460	482	1	(R)CCTKPESERMPCTEDYLSLILNR(L)
1	2717.2402	2719.1685	1Oxidation	460	482	1	(R)CCTKPESERMPCTEDYLSLILNR(L)
1	2829.3368	2831.2813		499	523	1	(K)CCTESLVNRRPCFSALTPDETYVPK(A)
1	2867.1845	2869.1501		375	399	1	(K)EYEATLEECCAKDDPHACYSTVFDK(L)
1	2952.4295	2954.3027		310	336	1	(K)SHCIAEVEKDAIPENLPPLTADFAEDK(D)
1	3390.6827	3392.8822		37	65	1	(K)DLGEEHFKGLVLIAFSQYLQQCPFDEHVK(L)
1	3503.5711	3505.9335		169	197	1	(R)HPYFYAPELLYYANKYNGVFQECCQAEDK(G)
1	3579.8556	3582.1822		45	75	1	(K)GLVLIAFSQYLQQCPFDEHVKLVNELTEFAK(T)
