"protein","enzyme","peptide","length","gravy","valid","pr_score","composite_score","verdict"
"BSA","trypsin","MK",2,-1,FALSE,0.192657510200069,0.884932995099634,"Good"
"BSA","trypsin","MKWVTFISLLLLFSSAYSR",19,0.984210526315789,FALSE,0.00926841173018066,0.884932995099634,"Good"
"BSA","trypsin","WVTFISLLLLFSSAYSR",17,1.21764705882353,FALSE,0.140801384679374,0.884932995099634,"Good"
"BSA","trypsin","WVTFISLLLLFSSAYSRGVFR",21,1.08571428571429,FALSE,0.0206203827479967,0.884932995099634,"Good"
"BSA","trypsin","GVFR",4,0.525,FALSE,0.134815048866475,0.884932995099634,"Good"
"BSA","trypsin","GVFRR",5,-0.48,FALSE,0.00719320040304034,0.884932995099634,"Good"
"BSA","trypsin","R",1,-4.5,FALSE,0.110949846286314,0.884932995099634,"Good"
"BSA","trypsin","RDTHK",5,-3.16,FALSE,0.0164488416505759,0.884932995099634,"Good"
"BSA","trypsin","DTHK",4,-2.825,FALSE,0.0465940722283566,0.884932995099634,"Good"
"BSA","trypsin","DTHKSEIAHR",10,-1.7,FALSE,0.0785965106899507,0.884932995099634,"Good"
"BSA","trypsin","SEIAHR",6,-0.95,FALSE,0.0706148458549119,0.884932995099634,"Good"
"BSA","trypsin","SEIAHRFK",8,-0.85,TRUE,0.0250697345260195,0.884932995099634,"Good"
"BSA","trypsin","FK",2,-0.55,FALSE,0.227752763314118,0.884932995099634,"Good"
"BSA","trypsin","FKDLGEEHFK",10,-1.25,FALSE,0.491594295092886,0.884932995099634,"Good"
"BSA","trypsin","DLGEEHFK",8,-1.425,FALSE,0.647359692725745,0.884932995099634,"Good"
"BSA","trypsin","DLGEEHFKGLVLIAFSQYLQQCPFDEHVK",29,-0.203448275862069,FALSE,0.0247684463605015,0.884932995099634,"Good"
"BSA","trypsin","GLVLIAFSQYLQQCPFDEHVK",21,0.261904761904762,TRUE,0.382722527895728,0.884932995099634,"Good"
"BSA","trypsin","GLVLIAFSQYLQQCPFDEHVKLVNELTEFAK",31,0.219354838709677,FALSE,0.0390685974634459,0.884932995099634,"Good"
"BSA","trypsin","LVNELTEFAK",10,0.13,TRUE,0.722491556270892,0.884932995099634,"Good"
"BSA","trypsin","LVNELTEFAKTCVADESHAGCEK",23,-0.234782608695652,TRUE,0.0579002179311783,0.884932995099634,"Good"
"BSA","trypsin","TCVADESHAGCEK",13,-0.515384615384615,TRUE,0.386905449465903,0.884932995099634,"Good"
"BSA","trypsin","TCVADESHAGCEKSLHTLFGDELCK",25,-0.24,TRUE,0.0789332890105283,0.884932995099634,"Good"
"BSA","trypsin","SLHTLFGDELCK",12,0.0583333333333333,TRUE,0.597588476990351,0.884932995099634,"Good"
"BSA","trypsin","SLHTLFGDELCKVASLR",17,0.305882352941176,TRUE,0.0443387254638752,0.884932995099634,"Good"
"BSA","trypsin","VASLR",5,0.9,FALSE,0.0818332895715859,0.884932995099634,"Good"
"BSA","trypsin","VASLRETYGDMADCCEK",17,-0.417647058823529,TRUE,0.207034528547252,0.884932995099634,"Good"
"BSA","trypsin","ETYGDMADCCEK",12,-0.966666666666667,TRUE,0.522048295014576,0.884932995099634,"Good"
"BSA","trypsin","ETYGDMADCCEKQEPER",17,-1.65882352941176,FALSE,0.201081589563941,0.884932995099634,"Good"
"BSA","trypsin","QEPER",5,-3.32,FALSE,0.0798707120781569,0.884932995099634,"Good"
"BSA","trypsin","QEPERNECFLSHK",13,-1.72307692307692,FALSE,0.36243117801743,0.884932995099634,"Good"
"BSA","trypsin","NECFLSHK",8,-0.725,TRUE,0.621613547970614,0.884932995099634,"Good"
"BSA","trypsin","NECFLSHKDDSPDLPK",16,-1.275,FALSE,0.349830029437898,0.884932995099634,"Good"
"BSA","trypsin","DDSPDLPK",8,-1.825,FALSE,0.504981241617854,0.884932995099634,"Good"
"BSA","trypsin","DDSPDLPKLKPDPNTLCDEFK",21,-1.3047619047619,FALSE,0.186664702867991,0.884932995099634,"Good"
"BSA","trypsin","LKPDPNTLCDEFK",13,-0.984615384615385,TRUE,0.424196958722444,0.884932995099634,"Good"
"BSA","trypsin","LKPDPNTLCDEFKADEK",17,-1.28823529411765,FALSE,0.157162205770955,0.884932995099634,"Good"
"BSA","trypsin","ADEK",4,-2.275,FALSE,0.0401518906847643,0.884932995099634,"Good"
"BSA","trypsin","ADEKK",5,-2.6,FALSE,0.0609836172172637,0.884932995099634,"Good"
"BSA","trypsin","K",1,-3.9,FALSE,0.116516626835572,0.884932995099634,"Good"
"BSA","trypsin","KFWGK",5,-1.26,FALSE,0.0449803746655059,0.884932995099634,"Good"
"BSA","trypsin","FWGK",4,-0.6,FALSE,0.256759046809779,0.884932995099634,"Good"
"BSA","trypsin","FWGKYLYEIAR",11,-0.263636363636364,TRUE,0.165504936510986,0.884932995099634,"Good"
"BSA","trypsin","YLYEIAR",7,-0.0714285714285715,TRUE,0.815227503928393,0.884932995099634,"Good"
"BSA","trypsin","YLYEIARRHPYFYAPELLYYANK",23,-0.58695652173913,TRUE,0.037005796191351,0.884932995099634,"Good"
"BSA","trypsin","RHPYFYAPELLYYANK",16,-0.8125,TRUE,0.179892198788578,0.884932995099634,"Good"
"BSA","trypsin","RHPYFYAPELLYYANKYNGVFQECCQAEDK",30,-0.86,FALSE,0.00977126657722358,0.884932995099634,"Good"
"BSA","trypsin","YNGVFQECCQAEDK",14,-0.914285714285714,TRUE,0.519118541174805,0.884932995099634,"Good"
"BSA","trypsin","YNGVFQECCQAEDKGACLLPK",21,-0.323809523809524,TRUE,0.0282105468127535,0.884932995099634,"Good"
"BSA","trypsin","GACLLPK",7,0.857142857142857,FALSE,0.163089767728763,0.884932995099634,"Good"
"BSA","trypsin","GACLLPKIETMR",12,0.308333333333333,TRUE,0.140384825217756,0.884932995099634,"Good"
"BSA","trypsin","IETMR",5,-0.46,FALSE,0.110467574275543,0.884932995099634,"Good"
"BSA","trypsin","IETMREK",7,-1.38571428571429,FALSE,0.251318350238737,0.884932995099634,"Good"
"BSA","trypsin","EK",2,-3.7,FALSE,0.099527380723896,0.884932995099634,"Good"
"BSA","trypsin","EKVLASSAR",9,-0.211111111111111,TRUE,0.0400127256819835,0.884932995099634,"Good"
"BSA","trypsin","VLASSAR",7,0.785714285714286,FALSE,0.172779446874727,0.884932995099634,"Good"
"BSA","trypsin","VLASSARQR",9,-0.277777777777778,TRUE,0.00941262724554144,0.884932995099634,"Good"
"BSA","trypsin","QR",2,-4,FALSE,0.104058448860671,0.884932995099634,"Good"
"BSA","trypsin","QRLR",4,-2.175,FALSE,0.0112384829241815,0.884932995099634,"Good"
"BSA","trypsin","LR",2,-0.35,FALSE,0.166748667353608,0.884932995099634,"Good"
"BSA","trypsin","LRCASIQK",8,-0.0125,TRUE,-5.82311976415895e-16,0.884932995099634,"Good"
"BSA","trypsin","CASIQK",6,0.1,FALSE,0.064574367637023,0.884932995099634,"Good"
"BSA","trypsin","CASIQKFGER",10,-0.5,TRUE,0.0206789355513488,0.884932995099634,"Good"
"BSA","trypsin","FGER",4,-1.4,FALSE,0.0975052498358386,0.884932995099634,"Good"
"BSA","trypsin","FGERALK",7,-0.557142857142857,TRUE,0.0465841716534791,0.884932995099634,"Good"
"BSA","trypsin","ALK",3,0.566666666666667,FALSE,0.195631310590119,0.884932995099634,"Good"
"BSA","trypsin","ALKAWSVAR",9,0.366666666666667,TRUE,0.00742618076407421,0.884932995099634,"Good"
"BSA","trypsin","AWSVAR",6,0.266666666666667,FALSE,0.130848609553419,0.884932995099634,"Good"
"BSA","trypsin","AWSVARLSQK",10,-0.28,TRUE,0.00987798015544941,0.884932995099634,"Good"
"BSA","trypsin","LSQK",4,-1.1,FALSE,0.0724291781575653,0.884932995099634,"Good"
"BSA","trypsin","LSQKFPK",7,-1.01428571428571,FALSE,0.194808255517217,0.884932995099634,"Good"
"BSA","trypsin","FPK",3,-0.9,FALSE,0.229991500922314,0.884932995099634,"Good"
"BSA","trypsin","FPKAEFVEVTK",11,-0.118181818181818,TRUE,0.593524380318636,0.884932995099634,"Good"
"BSA","trypsin","AEFVEVTK",8,0.175,TRUE,0.731575886843063,0.884932995099634,"Good"
"BSA","trypsin","AEFVEVTKLVTDLTK",15,0.293333333333333,TRUE,0.278474051878492,0.884932995099634,"Good"
"BSA","trypsin","LVTDLTK",7,0.428571428571429,TRUE,0.717755710025417,0.884932995099634,"Good"
"BSA","trypsin","LVTDLTKVHK",10,0.01,TRUE,0.185147020417186,0.884932995099634,"Good"
"BSA","trypsin","VHK",3,-0.966666666666667,FALSE,0.106632074769974,0.884932995099634,"Good"
"BSA","trypsin","VHKECCHGDLLECADDR",17,-0.682352941176471,TRUE,0.200365086594615,0.884932995099634,"Good"
"BSA","trypsin","ECCHGDLLECADDR",14,-0.621428571428571,TRUE,0.43371896589212,0.884932995099634,"Good"
"BSA","trypsin","ECCHGDLLECADDRADLAK",19,-0.457894736842105,TRUE,0.125309700339483,0.884932995099634,"Good"
"BSA","trypsin","ADLAK",5,0,FALSE,0.0657147636232086,0.884932995099634,"Good"
"BSA","trypsin","ADLAKYICDNQDTISSK",17,-0.588235294117647,TRUE,0.286608230482859,0.884932995099634,"Good"
"BSA","trypsin","YICDNQDTISSK",12,-0.833333333333333,TRUE,0.567621178785181,0.884932995099634,"Good"
"BSA","trypsin","YICDNQDTISSKLK",14,-0.721428571428571,TRUE,0.223767474818988,0.884932995099634,"Good"
"BSA","trypsin","LK",2,-0.05,FALSE,0.231018534883669,0.884932995099634,"Good"
"BSA","trypsin","LKECCDKPLLEK",12,-0.616666666666667,TRUE,0.130741970393875,0.884932995099634,"Good"
"BSA","trypsin","ECCDKPLLEK",10,-0.73,TRUE,0.344778497032079,0.884932995099634,"Good"
"BSA","trypsin","ECCDKPLLEKSHCIAEVEK",19,-0.484210526315789,TRUE,0.0188721596480414,0.884932995099634,"Good"
"BSA","trypsin","SHCIAEVEK",9,-0.211111111111111,TRUE,0.577126407184332,0.884932995099634,"Good"
"BSA","trypsin","SHCIAEVEKDAIPENLPPLTADFAEDKDVCK",31,-0.409677419354839,FALSE,0.0316669937821281,0.884932995099634,"Good"
"BSA","trypsin","DAIPENLPPLTADFAEDKDVCK",22,-0.490909090909091,TRUE,0.33695205189203,0.884932995099634,"Good"
"BSA","trypsin","DAIPENLPPLTADFAEDKDVCKNYQEAK",28,-0.882142857142857,FALSE,0.056224788212644,0.884932995099634,"Good"
"BSA","trypsin","NYQEAK",6,-2.31666666666667,FALSE,0.312136675726183,0.884932995099634,"Good"
"BSA","trypsin","NYQEAKDAFLGSFLYEYSR",19,-0.789473684210526,TRUE,0.0513858976308454,0.884932995099634,"Good"
"BSA","trypsin","DAFLGSFLYEYSR",13,-0.0846153846153847,TRUE,0.55589797048804,0.884932995099634,"Good"
"BSA","trypsin","DAFLGSFLYEYSRRHPEYAVSVLLR",25,-0.108,TRUE,0.00738391470967448,0.884932995099634,"Good"
"BSA","trypsin","RHPEYAVSVLLR",12,-0.133333333333333,TRUE,0.142174663486429,0.884932995099634,"Good"
"BSA","trypsin","RHPEYAVSVLLRLAK",15,0.00666666666666664,TRUE,-1.67599267797414e-15,0.884932995099634,"Good"
"BSA","trypsin","LAK",3,0.566666666666667,FALSE,0.195631310590119,0.884932995099634,"Good"
"BSA","trypsin","LAKEYEATLEECCAK",15,-0.386666666666667,TRUE,0.262622231719136,0.884932995099634,"Good"
"BSA","trypsin","EYEATLEECCAK",12,-0.625,TRUE,0.512185018397304,0.884932995099634,"Good"
"BSA","trypsin","EYEATLEECCAKDDPHACYSTVFDK",25,-0.728,TRUE,0.145830911172167,0.884932995099634,"Good"
"BSA","trypsin","DDPHACYSTVFDK",13,-0.823076923076923,TRUE,0.567035099425879,0.884932995099634,"Good"
"BSA","trypsin","DDPHACYSTVFDKLK",15,-0.72,TRUE,0.348861132750293,0.884932995099634,"Good"
"BSA","trypsin","LK",2,-0.05,FALSE,0.231018534883669,0.884932995099634,"Good"
"BSA","trypsin","LKHLVDEPQNLIK",13,-0.5,TRUE,0.394639917860002,0.884932995099634,"Good"
"BSA","trypsin","HLVDEPQNLIK",11,-0.581818181818182,TRUE,0.710134732274017,0.884932995099634,"Good"
"BSA","trypsin","HLVDEPQNLIKQNCDQFEK",19,-1.18421052631579,FALSE,0.111129476296738,0.884932995099634,"Good"
"BSA","trypsin","QNCDQFEK",8,-2.0125,FALSE,0.507304984660191,0.884932995099634,"Good"
"BSA","trypsin","QNCDQFEKLGEYGFQNALIVR",21,-0.585714285714286,TRUE,0.0259976312915723,0.884932995099634,"Good"
"BSA","trypsin","LGEYGFQNALIVR",13,0.292307692307692,TRUE,0.580821406568316,0.884932995099634,"Good"
"BSA","trypsin","LGEYGFQNALIVRYTR",16,-0.16875,TRUE,0.0516245892677908,0.884932995099634,"Good"
"BSA","trypsin","YTR",3,-2.16666666666667,FALSE,0.173399557637898,0.884932995099634,"Good"
"BSA","trypsin","YTRK",4,-2.6,FALSE,0.0529965812951306,0.884932995099634,"Good"
"BSA","trypsin","K",1,-3.9,FALSE,0.116516626835572,0.884932995099634,"Good"
"BSA","trypsin","KVPQVSTPTLVEVSR",15,-0.0666666666666666,TRUE,0.239677167596391,0.884932995099634,"Good"
"BSA","trypsin","VPQVSTPTLVEVSR",14,0.207142857142857,TRUE,0.646193397234651,0.884932995099634,"Good"
"BSA","trypsin","VPQVSTPTLVEVSRSLGK",18,0.0888888888888889,TRUE,0.145610302295838,0.884932995099634,"Good"
"BSA","trypsin","SLGK",4,-0.325,FALSE,0.0750135976008011,0.884932995099634,"Good"
"BSA","trypsin","SLGKVGTR",8,-0.3375,TRUE,0.00536699269600396,0.884932995099634,"Good"
"BSA","trypsin","VGTR",4,-0.35,FALSE,0.0569560709487069,0.884932995099634,"Good"
"BSA","trypsin","VGTRCCTKPESER",13,-1.14615384615385,FALSE,0.0225776570886693,0.884932995099634,"Good"
"BSA","trypsin","CCTKPESER",9,-1.5,FALSE,0.120039535202323,0.884932995099634,"Good"
"BSA","trypsin","CCTKPESERMPCTEDYLSLILNR",23,-0.547826086956522,TRUE,0.0107150247364225,0.884932995099634,"Good"
"BSA","trypsin","MPCTEDYLSLILNR",14,0.0642857142857142,TRUE,0.550643866940367,0.884932995099634,"Good"
"BSA","trypsin","MPCTEDYLSLILNRLCVLHEK",21,0.219047619047619,TRUE,0.0492960509712901,0.884932995099634,"Good"
"BSA","trypsin","LCVLHEK",7,0.528571428571429,TRUE,0.689602414398708,0.884932995099634,"Good"
"BSA","trypsin","LCVLHEKTPVSEK",13,-0.2,TRUE,0.321155379630391,0.884932995099634,"Good"
"BSA","trypsin","TPVSEK",6,-1.05,FALSE,0.064848076374126,0.884932995099634,"Good"
"BSA","trypsin","TPVSEKVTK",9,-0.744444444444444,TRUE,0.359820750747005,0.884932995099634,"Good"
"BSA","trypsin","VTK",3,-0.133333333333333,FALSE,0.0593945676422554,0.884932995099634,"Good"
"BSA","trypsin","VTKCCTESLVNR",12,-0.0333333333333333,TRUE,0.072398836676682,0.884932995099634,"Good"
"BSA","trypsin","CCTESLVNR",9,0,TRUE,0.430762973113244,0.884932995099634,"Good"
"BSA","trypsin","CCTESLVNRRPCFSALTPDETYVPK",25,-0.344,TRUE,0.0279103585920787,0.884932995099634,"Good"
"BSA","trypsin","RPCFSALTPDETYVPK",16,-0.5375,TRUE,0.261984279870171,0.884932995099634,"Good"
"BSA","trypsin","RPCFSALTPDETYVPKAFDEK",21,-0.70952380952381,TRUE,0.0577376901080915,0.884932995099634,"Good"
"BSA","trypsin","AFDEK",5,-1.26,FALSE,0.108966125456739,0.884932995099634,"Good"
"BSA","trypsin","AFDEKLFTFHADICTLPDTEK",21,-0.266666666666667,TRUE,0.155538723857501,0.884932995099634,"Good"
"BSA","trypsin","LFTFHADICTLPDTEK",16,0.04375,TRUE,0.531988178727236,0.884932995099634,"Good"
"BSA","trypsin","LFTFHADICTLPDTEKQIK",19,-0.115789473684211,TRUE,0.0850316556805991,0.884932995099634,"Good"
"BSA","trypsin","QIK",3,-0.966666666666667,FALSE,0.140371696653235,0.884932995099634,"Good"
"BSA","trypsin","QIKK",4,-1.7,FALSE,0.00470528565170311,0.884932995099634,"Good"
"BSA","trypsin","K",1,-3.9,FALSE,0.116516626835572,0.884932995099634,"Good"
"BSA","trypsin","KQTALVELLK",10,0.19,TRUE,0.197580047531956,0.884932995099634,"Good"
"BSA","trypsin","QTALVELLK",9,0.644444444444444,FALSE,0.737687552686155,0.884932995099634,"Good"
"BSA","trypsin","QTALVELLKHKPK",13,-0.523076923076923,TRUE,0.0263756034973385,0.884932995099634,"Good"
"BSA","trypsin","HKPK",4,-3.15,FALSE,0.0463756704497726,0.884932995099634,"Good"
"BSA","trypsin","HKPKATEEQLK",11,-2.00909090909091,FALSE,0.0499818464910931,0.884932995099634,"Good"
"BSA","trypsin","ATEEQLK",7,-1.35714285714286,FALSE,0.570925055675433,0.884932995099634,"Good"
"BSA","trypsin","ATEEQLKTVMENFVAFVDK",19,-0.142105263157895,TRUE,0.0609818042844594,0.884932995099634,"Good"
"BSA","trypsin","TVMENFVAFVDK",12,0.566666666666667,TRUE,0.62264836809968,0.884932995099634,"Good"
"BSA","trypsin","TVMENFVAFVDKCCAADDK",19,0.236842105263158,TRUE,0.139481634124719,0.884932995099634,"Good"
"BSA","trypsin","CCAADDK",7,-0.328571428571429,TRUE,0.136728687480686,0.884932995099634,"Good"
"BSA","trypsin","CCAADDKEACFAVEGPK",17,-0.123529411764706,TRUE,0.218656916781215,0.884932995099634,"Good"
"BSA","trypsin","EACFAVEGPK",10,0.02,TRUE,0.606183031079895,0.884932995099634,"Good"
"BSA","trypsin","EACFAVEGPKLVVSTQTALA",20,0.705,FALSE,0.106801471819958,0.884932995099634,"Good"
"BSA","trypsin","LVVSTQTALA",10,1.39,FALSE,0.670018835781156,0.884932995099634,"Good"
"BSA","lysc","MK",2,-1,FALSE,0.192657510200069,0.823373324696004,"Good"
"BSA","lysc","MKWVTFISLLLLFSSAYSRGVFRRDTHK",28,0.178571428571429,FALSE,-2.52997622851581e-15,0.823373324696004,"Good"
"BSA","lysc","WVTFISLLLLFSSAYSRGVFRRDTHK",26,0.269230769230769,FALSE,-2.6354474158552e-15,0.823373324696004,"Good"
"BSA","lysc","WVTFISLLLLFSSAYSRGVFRRDTHKSEIAHRFK",34,0.00588235294117643,FALSE,-2.59814392222779e-15,0.823373324696004,"Good"
"BSA","lysc","SEIAHRFK",8,-0.85,TRUE,0.0250697345260195,0.823373324696004,"Good"
"BSA","lysc","SEIAHRFKDLGEEHFK",16,-1.1375,FALSE,0.00666239922940074,0.823373324696004,"Good"
"BSA","lysc","DLGEEHFK",8,-1.425,FALSE,0.647359692725745,0.823373324696004,"Good"
"BSA","lysc","DLGEEHFKGLVLIAFSQYLQQCPFDEHVK",29,-0.203448275862069,FALSE,0.0247684463605015,0.823373324696004,"Good"
"BSA","lysc","GLVLIAFSQYLQQCPFDEHVK",21,0.261904761904762,TRUE,0.382722527895728,0.823373324696004,"Good"
"BSA","lysc","GLVLIAFSQYLQQCPFDEHVKLVNELTEFAK",31,0.219354838709677,FALSE,0.0390685974634459,0.823373324696004,"Good"
"BSA","lysc","LVNELTEFAK",10,0.13,TRUE,0.722491556270892,0.823373324696004,"Good"
"BSA","lysc","LVNELTEFAKTCVADESHAGCEK",23,-0.234782608695652,TRUE,0.0579002179311783,0.823373324696004,"Good"
"BSA","lysc","TCVADESHAGCEK",13,-0.515384615384615,TRUE,0.386905449465903,0.823373324696004,"Good"
"BSA","lysc","TCVADESHAGCEKSLHTLFGDELCK",25,-0.24,TRUE,0.0789332890105283,0.823373324696004,"Good"
"BSA","lysc","SLHTLFGDELCK",12,0.0583333333333333,TRUE,0.597588476990351,0.823373324696004,"Good"
"BSA","lysc","SLHTLFGDELCKVASLRETYGDMADCCEK",29,-0.220689655172414,FALSE,0.00311046397927965,0.823373324696004,"Good"
"BSA","lysc","VASLRETYGDMADCCEK",17,-0.417647058823529,TRUE,0.207034528547252,0.823373324696004,"Good"
"BSA","lysc","VASLRETYGDMADCCEKQEPERNECFLSHK",30,-0.983333333333333,FALSE,0.00719334297068527,0.823373324696004,"Good"
"BSA","lysc","QEPERNECFLSHK",13,-1.72307692307692,FALSE,0.36243117801743,0.823373324696004,"Good"
"BSA","lysc","QEPERNECFLSHKDDSPDLPK",21,-1.76190476190476,FALSE,0.0620425375310155,0.823373324696004,"Good"
"BSA","lysc","DDSPDLPK",8,-1.825,FALSE,0.504981241617854,0.823373324696004,"Good"
"BSA","lysc","DDSPDLPKLK",10,-1.47,FALSE,0.537474370927486,0.823373324696004,"Good"
"BSA","lysc","LK",2,-0.05,FALSE,0.231018534883669,0.823373324696004,"Good"
"BSA","lysc","LKPDPNTLCDEFK",13,-0.984615384615385,TRUE,0.424196958722444,0.823373324696004,"Good"
"BSA","lysc","PDPNTLCDEFK",11,-1.15454545454545,FALSE,0.580158061037917,0.823373324696004,"Good"
"BSA","lysc","PDPNTLCDEFKADEK",15,-1.45333333333333,FALSE,0.378573951779922,0.823373324696004,"Good"
"BSA","lysc","ADEK",4,-2.275,FALSE,0.0401518906847643,0.823373324696004,"Good"
"BSA","lysc","ADEKK",5,-2.6,FALSE,0.0609836172172637,0.823373324696004,"Good"
"BSA","lysc","K",1,-3.9,FALSE,0.116516626835572,0.823373324696004,"Good"
"BSA","lysc","KFWGK",5,-1.26,FALSE,0.0449803746655059,0.823373324696004,"Good"
"BSA","lysc","FWGK",4,-0.6,FALSE,0.256759046809779,0.823373324696004,"Good"
"BSA","lysc","FWGKYLYEIARRHPYFYAPELLYYANK",27,-0.588888888888889,FALSE,0.00530007204194173,0.823373324696004,"Good"
"BSA","lysc","YLYEIARRHPYFYAPELLYYANK",23,-0.58695652173913,TRUE,0.037005796191351,0.823373324696004,"Good"
"BSA","lysc","YLYEIARRHPYFYAPELLYYANKYNGVFQECCQAEDK",37,-0.710810810810811,FALSE,0.00843992215516939,0.823373324696004,"Good"
"BSA","lysc","YNGVFQECCQAEDK",14,-0.914285714285714,TRUE,0.519118541174805,0.823373324696004,"Good"
"BSA","lysc","YNGVFQECCQAEDKGACLLPK",21,-0.323809523809524,TRUE,0.0282105468127535,0.823373324696004,"Good"
"BSA","lysc","GACLLPK",7,0.857142857142857,FALSE,0.163089767728763,0.823373324696004,"Good"
"BSA","lysc","GACLLPKIETMREK",14,-0.264285714285714,TRUE,0.0205111875882958,0.823373324696004,"Good"
"BSA","lysc","IETMREK",7,-1.38571428571429,FALSE,0.251318350238737,0.823373324696004,"Good"
"BSA","lysc","IETMREKVLASSARQRLRCASIQK",24,-0.5125,TRUE,-2.75224287804576e-15,0.823373324696004,"Good"
"BSA","lysc","VLASSARQRLRCASIQK",17,-0.152941176470588,TRUE,-2.73470135425669e-15,0.823373324696004,"Good"
"BSA","lysc","VLASSARQRLRCASIQKFGERALK",24,-0.270833333333333,TRUE,0.00221669626997941,0.823373324696004,"Good"
"BSA","lysc","FGERALK",7,-0.557142857142857,TRUE,0.0465841716534791,0.823373324696004,"Good"
"BSA","lysc","FGERALKAWSVARLSQK",17,-0.394117647058824,TRUE,-3.05322434002164e-15,0.823373324696004,"Good"
"BSA","lysc","AWSVARLSQK",10,-0.28,TRUE,0.00987798015544941,0.823373324696004,"Good"
"BSA","lysc","AWSVARLSQKFPK",13,-0.423076923076923,TRUE,0.000425764192137794,0.823373324696004,"Good"
"BSA","lysc","FPK",3,-0.9,FALSE,0.229991500922314,0.823373324696004,"Good"
"BSA","lysc","FPKAEFVEVTK",11,-0.118181818181818,TRUE,0.593524380318636,0.823373324696004,"Good"
"BSA","lysc","AEFVEVTK",8,0.175,TRUE,0.731575886843063,0.823373324696004,"Good"
"BSA","lysc","AEFVEVTKLVTDLTK",15,0.293333333333333,TRUE,0.278474051878492,0.823373324696004,"Good"
"BSA","lysc","LVTDLTK",7,0.428571428571429,TRUE,0.717755710025417,0.823373324696004,"Good"
"BSA","lysc","LVTDLTKVHK",10,0.01,TRUE,0.185147020417186,0.823373324696004,"Good"
"BSA","lysc","VHK",3,-0.966666666666667,FALSE,0.106632074769974,0.823373324696004,"Good"
"BSA","lysc","VHKECCHGDLLECADDRADLAK",22,-0.527272727272727,TRUE,0.011709225198272,0.823373324696004,"Good"
"BSA","lysc","ECCHGDLLECADDRADLAK",19,-0.457894736842105,TRUE,0.125309700339483,0.823373324696004,"Good"
"BSA","lysc","ECCHGDLLECADDRADLAKYICDNQDTISSK",31,-0.603225806451613,FALSE,0.0252785240507464,0.823373324696004,"Good"
"BSA","lysc","YICDNQDTISSK",12,-0.833333333333333,TRUE,0.567621178785181,0.823373324696004,"Good"
"BSA","lysc","YICDNQDTISSKLK",14,-0.721428571428571,TRUE,0.223767474818988,0.823373324696004,"Good"
"BSA","lysc","LK",2,-0.05,FALSE,0.231018534883669,0.823373324696004,"Good"
"BSA","lysc","LKECCDK",7,-0.857142857142857,TRUE,0.125975210014755,0.823373324696004,"Good"
"BSA","lysc","ECCDK",5,-1.18,FALSE,0.0578888083748776,0.823373324696004,"Good"
"BSA","lysc","ECCDKPLLEK",10,-0.73,TRUE,0.344778497032079,0.823373324696004,"Good"
"BSA","lysc","PLLEK",5,-0.28,FALSE,0.165114433296528,0.823373324696004,"Good"
"BSA","lysc","PLLEKSHCIAEVEK",14,-0.235714285714286,TRUE,0.439925550298367,0.823373324696004,"Good"
"BSA","lysc","SHCIAEVEK",9,-0.211111111111111,TRUE,0.577126407184332,0.823373324696004,"Good"
"BSA","lysc","SHCIAEVEKDAIPENLPPLTADFAEDK",27,-0.444444444444444,FALSE,0.247174742787932,0.823373324696004,"Good"
"BSA","lysc","DAIPENLPPLTADFAEDK",18,-0.561111111111111,TRUE,0.446282166570784,0.823373324696004,"Good"
"BSA","lysc","DAIPENLPPLTADFAEDKDVCK",22,-0.490909090909091,TRUE,0.33695205189203,0.823373324696004,"Good"
"BSA","lysc","DVCK",4,-0.175,FALSE,0.0799655341729191,0.823373324696004,"Good"
"BSA","lysc","DVCKNYQEAK",10,-1.46,FALSE,0.280542316859547,0.823373324696004,"Good"
"BSA","lysc","NYQEAK",6,-2.31666666666667,FALSE,0.312136675726183,0.823373324696004,"Good"
"BSA","lysc","NYQEAKDAFLGSFLYEYSRRHPEYAVSVLLRLAK",34,-0.438235294117647,FALSE,-2.46191955710628e-15,0.823373324696004,"Good"
"BSA","lysc","DAFLGSFLYEYSRRHPEYAVSVLLRLAK",28,-0.0357142857142858,FALSE,0.00309094713496439,0.823373324696004,"Good"
"BSA","lysc","DAFLGSFLYEYSRRHPEYAVSVLLRLAKEYEATLEECCAK",40,-0.2125,FALSE,0.00306121350077876,0.823373324696004,"Good"
"BSA","lysc","EYEATLEECCAK",12,-0.625,TRUE,0.512185018397304,0.823373324696004,"Good"
"BSA","lysc","EYEATLEECCAKDDPHACYSTVFDK",25,-0.728,TRUE,0.145830911172167,0.823373324696004,"Good"
"BSA","lysc","DDPHACYSTVFDK",13,-0.823076923076923,TRUE,0.567035099425879,0.823373324696004,"Good"
"BSA","lysc","DDPHACYSTVFDKLK",15,-0.72,TRUE,0.348861132750293,0.823373324696004,"Good"
"BSA","lysc","LK",2,-0.05,FALSE,0.231018534883669,0.823373324696004,"Good"
"BSA","lysc","LKHLVDEPQNLIK",13,-0.5,TRUE,0.394639917860002,0.823373324696004,"Good"
"BSA","lysc","HLVDEPQNLIK",11,-0.581818181818182,TRUE,0.710134732274017,0.823373324696004,"Good"
"BSA","lysc","HLVDEPQNLIKQNCDQFEK",19,-1.18421052631579,FALSE,0.111129476296738,0.823373324696004,"Good"
"BSA","lysc","QNCDQFEK",8,-2.0125,FALSE,0.507304984660191,0.823373324696004,"Good"
"BSA","lysc","QNCDQFEKLGEYGFQNALIVRYTRK",25,-0.908,TRUE,0.00037042253520981,0.823373324696004,"Good"
"BSA","lysc","LGEYGFQNALIVRYTRK",17,-0.388235294117647,TRUE,-2.73492339886161e-15,0.823373324696004,"Good"
"BSA","lysc","LGEYGFQNALIVRYTRKVPQVSTPTLVEVSRSLGK",35,-0.142857142857143,FALSE,0.000521415270017062,0.823373324696004,"Good"
"BSA","lysc","VPQVSTPTLVEVSRSLGK",18,0.0888888888888889,TRUE,0.145610302295838,0.823373324696004,"Good"
"BSA","lysc","VPQVSTPTLVEVSRSLGKVGTRCCTK",26,0.0230769230769231,FALSE,0.00369730315196305,0.823373324696004,"Good"
"BSA","lysc","VGTRCCTK",8,-0.125,TRUE,0.00360907704854988,0.823373324696004,"Good"
"BSA","lysc","VGTRCCTKPESERMPCTEDYLSLILNRLCVLHEK",34,-0.302941176470588,FALSE,0.00458919479234254,0.823373324696004,"Good"
"BSA","lysc","PESERMPCTEDYLSLILNRLCVLHEK",26,-0.357692307692308,FALSE,0.0102349935457487,0.823373324696004,"Good"
"BSA","lysc","PESERMPCTEDYLSLILNRLCVLHEKTPVSEK",32,-0.4875,FALSE,0.00898957797585216,0.823373324696004,"Good"
"BSA","lysc","TPVSEK",6,-1.05,FALSE,0.064848076374126,0.823373324696004,"Good"
"BSA","lysc","TPVSEKVTK",9,-0.744444444444444,TRUE,0.359820750747005,0.823373324696004,"Good"
"BSA","lysc","VTK",3,-0.133333333333333,FALSE,0.0593945676422554,0.823373324696004,"Good"
"BSA","lysc","VTKCCTESLVNRRPCFSALTPDETYVPK",28,-0.321428571428571,FALSE,0.0118876110261703,0.823373324696004,"Good"
"BSA","lysc","CCTESLVNRRPCFSALTPDETYVPK",25,-0.344,TRUE,0.0279103585920787,0.823373324696004,"Good"
"BSA","lysc","CCTESLVNRRPCFSALTPDETYVPKAFDEK",30,-0.496666666666667,FALSE,0.0126265323898629,0.823373324696004,"Good"
"BSA","lysc","AFDEK",5,-1.26,FALSE,0.108966125456739,0.823373324696004,"Good"
"BSA","lysc","AFDEKLFTFHADICTLPDTEK",21,-0.266666666666667,TRUE,0.155538723857501,0.823373324696004,"Good"
"BSA","lysc","LFTFHADICTLPDTEK",16,0.04375,TRUE,0.531988178727236,0.823373324696004,"Good"
"BSA","lysc","LFTFHADICTLPDTEKQIK",19,-0.115789473684211,TRUE,0.0850316556805991,0.823373324696004,"Good"
"BSA","lysc","QIK",3,-0.966666666666667,FALSE,0.140371696653235,0.823373324696004,"Good"
"BSA","lysc","QIKK",4,-1.7,FALSE,0.00470528565170311,0.823373324696004,"Good"
"BSA","lysc","K",1,-3.9,FALSE,0.116516626835572,0.823373324696004,"Good"
"BSA","lysc","KQTALVELLK",10,0.19,TRUE,0.197580047531956,0.823373324696004,"Good"
"BSA","lysc","QTALVELLK",9,0.644444444444444,FALSE,0.737687552686155,0.823373324696004,"Good"
"BSA","lysc","QTALVELLKHK",11,-0.118181818181818,TRUE,0.0989388717218203,0.823373324696004,"Good"
"BSA","lysc","HK",2,-3.55,FALSE,0.10987464665557,0.823373324696004,"Good"
"BSA","lysc","HKPK",4,-3.15,FALSE,0.0463756704497726,0.823373324696004,"Good"
"BSA","lysc","PK",2,-2.75,FALSE,0.0889458600198393,0.823373324696004,"Good"
"BSA","lysc","PKATEEQLK",9,-1.66666666666667,FALSE,0.444255201246426,0.823373324696004,"Good"
"BSA","lysc","ATEEQLK",7,-1.35714285714286,FALSE,0.570925055675433,0.823373324696004,"Good"
"BSA","lysc","ATEEQLKTVMENFVAFVDK",19,-0.142105263157895,TRUE,0.0609818042844594,0.823373324696004,"Good"
"BSA","lysc","TVMENFVAFVDK",12,0.566666666666667,TRUE,0.62264836809968,0.823373324696004,"Good"
"BSA","lysc","TVMENFVAFVDKCCAADDK",19,0.236842105263158,TRUE,0.139481634124719,0.823373324696004,"Good"
"BSA","lysc","CCAADDK",7,-0.328571428571429,TRUE,0.136728687480686,0.823373324696004,"Good"
"BSA","lysc","CCAADDKEACFAVEGPK",17,-0.123529411764706,TRUE,0.218656916781215,0.823373324696004,"Good"
"BSA","lysc","EACFAVEGPK",10,0.02,TRUE,0.606183031079895,0.823373324696004,"Good"
"BSA","lysc","EACFAVEGPKLVVSTQTALA",20,0.705,FALSE,0.106801471819958,0.823373324696004,"Good"
"BSA","lysc","LVVSTQTALA",10,1.39,FALSE,0.670018835781156,0.823373324696004,"Good"
"BSA","chymotrypsin-high","MKW",3,-0.966666666666667,FALSE,0.119757159918419,0.642143525583723,"Moderate"
"BSA","chymotrypsin-high","MKWVTF",6,0.566666666666667,FALSE,0.128080479254088,0.642143525583723,"Moderate"
"BSA","chymotrypsin-high","VTF",3,2.1,FALSE,0.315762272126051,0.642143525583723,"Moderate"
"BSA","chymotrypsin-high","VTFISLLLLF",10,2.8,FALSE,0.707251388304625,0.642143525583723,"Moderate"
"BSA","chymotrypsin-high","ISLLLLF",7,3.1,FALSE,0.716559425223799,0.642143525583723,"Moderate"
"BSA","chymotrypsin-high","ISLLLLFSSAY",11,1.87272727272727,FALSE,0.687615079301403,0.642143525583723,"Moderate"
"BSA","chymotrypsin-high","SSAY",4,-0.275,FALSE,0.119956465371495,0.642143525583723,"Moderate"
"BSA","chymotrypsin-high","SSAYSRGVF",9,0.0222222222222222,TRUE,0.112553700212224,0.642143525583723,"Moderate"
"BSA","chymotrypsin-high","SRGVF",5,0.26,FALSE,0.0804286180245638,0.642143525583723,"Moderate"
"BSA","chymotrypsin-high","SRGVFRRDTHKSEIAHRF",18,-1.21666666666667,FALSE,-2.35222952227332e-15,0.642143525583723,"Moderate"
"BSA","chymotrypsin-high","RRDTHKSEIAHRF",13,-1.78461538461538,FALSE,0.00201757872419217,0.642143525583723,"Moderate"
"BSA","chymotrypsin-high","RRDTHKSEIAHRFKDLGEEHF",21,-1.64761904761905,FALSE,0.0109036653748769,0.642143525583723,"Moderate"
"BSA","chymotrypsin-high","KDLGEEHF",8,-1.425,FALSE,0.436609140945755,0.642143525583723,"Moderate"
"BSA","chymotrypsin-high","KDLGEEHFKGLVLIAF",16,0.325,TRUE,0.0855243011911166,0.642143525583723,"Moderate"
"BSA","chymotrypsin-high","KGLVLIAF",8,2.075,FALSE,0.233491390761458,0.642143525583723,"Moderate"
"BSA","chymotrypsin-high","KGLVLIAFSQY",11,1,FALSE,0.258557158557159,0.642143525583723,"Moderate"
"BSA","chymotrypsin-high","SQY",3,-1.86666666666667,FALSE,0.189910044324544,0.642143525583723,"Moderate"
"BSA","chymotrypsin-high","SQYLQQCPF",9,-0.566666666666667,TRUE,0.687772278078544,0.642143525583723,"Moderate"
"BSA","chymotrypsin-high","LQQCPF",6,0.0833333333333333,FALSE,0.525747474635466,0.642143525583723,"Moderate"
"BSA","chymotrypsin-high","LQQCPFDEHVKLVNELTEF",19,-0.315789473684211,TRUE,0.103852697642651,0.642143525583723,"Moderate"
"BSA","chymotrypsin-high","DEHVKLVNELTEF",13,-0.5,TRUE,0.412623282617699,0.642143525583723,"Moderate"
"BSA","chymotrypsin-high","DEHVKLVNELTEFAKTCVADESHAGCEKSLHTLF",34,-0.282352941176471,FALSE,0.0126622675307355,0.642143525583723,"Moderate"
"BSA","chymotrypsin-high","AKTCVADESHAGCEKSLHTLF",21,-0.147619047619048,TRUE,0.00882779875096926,0.642143525583723,"Moderate"
"BSA","chymotrypsin-high","AKTCVADESHAGCEKSLHTLFGDELCKVASLRETY",35,-0.26,FALSE,0.00159781631050887,0.642143525583723,"Moderate"
"BSA","chymotrypsin-high","GDELCKVASLRETY",14,-0.428571428571429,TRUE,0.113240608521363,0.642143525583723,"Moderate"
"BSA","chymotrypsin-high","GDELCKVASLRETYGDMADCCEKQEPERNECF",32,-0.95,FALSE,0.00526132311431989,0.642143525583723,"Moderate"
"BSA","chymotrypsin-high","GDMADCCEKQEPERNECF",18,-1.35555555555556,FALSE,0.03210237298596,0.642143525583723,"Moderate"
"BSA","chymotrypsin-high","GDMADCCEKQEPERNECFLSHKDDSPDLPKLKPDPNTLCDEF",42,-1.23809523809524,FALSE,0.0551949256393422,0.642143525583723,"Moderate"
"BSA","chymotrypsin-high","LSHKDDSPDLPKLKPDPNTLCDEF",24,-1.15,FALSE,0.0782169114440466,0.642143525583723,"Moderate"
"BSA","chymotrypsin-high","LSHKDDSPDLPKLKPDPNTLCDEFKADEKKF",31,-1.34516129032258,FALSE,0.13965966332948,0.642143525583723,"Moderate"
"BSA","chymotrypsin-high","KADEKKF",7,-2.01428571428571,FALSE,0.0270132668864986,0.642143525583723,"Moderate"
"BSA","chymotrypsin-high","KADEKKFW",8,-1.875,FALSE,0.0302376589432772,0.642143525583723,"Moderate"
"BSA","chymotrypsin-high","W",1,-0.9,FALSE,0.296754734089798,0.642143525583723,"Moderate"
"BSA","chymotrypsin-high","WGKY",4,-1.625,FALSE,0.11516677256615,0.642143525583723,"Moderate"
"BSA","chymotrypsin-high","GKY",3,-1.86666666666667,FALSE,0.132338830472409,0.642143525583723,"Moderate"
"BSA","chymotrypsin-high","GKYLY",5,-0.62,FALSE,0.148837139426232,0.642143525583723,"Moderate"
"BSA","chymotrypsin-high","LY",2,1.25,FALSE,0.344270264500078,0.642143525583723,"Moderate"
"BSA","chymotrypsin-high","LYEIARRHPY",10,-0.98,TRUE,0.0754579437728975,0.642143525583723,"Moderate"
"BSA","chymotrypsin-high","EIARRHPY",8,-1.5375,FALSE,0.0532665270250774,0.642143525583723,"Moderate"
"BSA","chymotrypsin-high","EIARRHPYF",9,-1.05555555555556,FALSE,0.0464236522101123,0.642143525583723,"Moderate"
"BSA","chymotrypsin-high","F",1,2.8,FALSE,0.277376162458778,0.642143525583723,"Moderate"
"BSA","chymotrypsin-high","FY",2,0.75,FALSE,0.32238454388709,0.642143525583723,"Moderate"
"BSA","chymotrypsin-high","Y",1,-1.3,FALSE,0.33259153318391,0.642143525583723,"Moderate"
"BSA","chymotrypsin-high","YAPELLY",7,0.242857142857143,TRUE,0.748568417587684,0.642143525583723,"Moderate"
"BSA","chymotrypsin-high","APELLY",6,0.5,FALSE,0.29867037242735,0.642143525583723,"Moderate"
"BSA","chymotrypsin-high","APELLYY",7,0.242857142857143,TRUE,0.747712280126126,0.642143525583723,"Moderate"
"BSA","chymotrypsin-high","Y",1,-1.3,FALSE,0.33259153318391,0.642143525583723,"Moderate"
"BSA","chymotrypsin-high","YANKY",5,-1.64,FALSE,0.119133618165334,0.642143525583723,"Moderate"
"BSA","chymotrypsin-high","ANKY",4,-1.725,FALSE,0.109384799615332,0.642143525583723,"Moderate"
"BSA","chymotrypsin-high","ANKYNGVF",8,-0.475,TRUE,0.287829492877654,0.642143525583723,"Moderate"
"BSA","chymotrypsin-high","NGVF",4,0.775,FALSE,0.309085673666771,0.642143525583723,"Moderate"
"BSA","chymotrypsin-high","NGVFQECCQAEDKGACLLPKIETMREKVLASSARQRLRCASIQKF",45,-0.333333333333333,FALSE,-2.93509661020153e-15,0.642143525583723,"Moderate"
"BSA","chymotrypsin-high","QECCQAEDKGACLLPKIETMREKVLASSARQRLRCASIQKF",41,-0.441463414634146,FALSE,-2.93520763250399e-15,0.642143525583723,"Moderate"
"BSA","chymotrypsin-high","QECCQAEDKGACLLPKIETMREKVLASSARQRLRCASIQKFGERALKAW",49,-0.487755102040816,FALSE,0.00110834813498837,0.642143525583723,"Moderate"
"BSA","chymotrypsin-high","GERALKAW",8,-0.725,TRUE,0.0238961703755508,0.642143525583723,"Moderate"
"BSA","chymotrypsin-high","GERALKAWSVARLSQKFPKAEF",22,-0.504545454545455,TRUE,0.00025895765472053,0.642143525583723,"Moderate"
"BSA","chymotrypsin-high","SVARLSQKFPKAEF",14,-0.378571428571429,TRUE,0.00303215910482401,0.642143525583723,"Moderate"
"BSA","chymotrypsin-high","SVARLSQKFPKAEFVEVTKLVTDLTKVHKECCHGDLLECADDRADLAKY",49,-0.304081632653061,FALSE,0.00377046862157225,0.642143525583723,"Moderate"
"BSA","chymotrypsin-high","VEVTKLVTDLTKVHKECCHGDLLECADDRADLAKY",35,-0.274285714285714,FALSE,0.00205684862562838,0.642143525583723,"Moderate"
"BSA","chymotrypsin-high","VEVTKLVTDLTKVHKECCHGDLLECADDRADLAKYICDNQDTISSKLKECCDKPLLEKSHCIAEVEKDAIPENLPPLTADF",81,-0.353086419753086,FALSE,0.00893269713823991,0.642143525583723,"Moderate"
"BSA","chymotrypsin-high","ICDNQDTISSKLKECCDKPLLEKSHCIAEVEKDAIPENLPPLTADF",46,-0.41304347826087,FALSE,0.0166226203281433,0.642143525583723,"Moderate"
"BSA","chymotrypsin-high","ICDNQDTISSKLKECCDKPLLEKSHCIAEVEKDAIPENLPPLTADFAEDKDVCKNY",56,-0.6,FALSE,0.0143739923337165,0.642143525583723,"Moderate"
"BSA","chymotrypsin-high","AEDKDVCKNY",10,-1.46,FALSE,0.154700798521681,0.642143525583723,"Moderate"
"BSA","chymotrypsin-high","AEDKDVCKNYQEAKDAF",17,-1.32941176470588,FALSE,0.0817098673329587,0.642143525583723,"Moderate"
"BSA","chymotrypsin-high","QEAKDAF",7,-1.14285714285714,FALSE,0.184578920720345,0.642143525583723,"Moderate"
"BSA","chymotrypsin-high","QEAKDAFLGSF",11,-0.236363636363636,TRUE,0.342892351639325,0.642143525583723,"Moderate"
"BSA","chymotrypsin-high","LGSF",4,1.35,FALSE,0.314338183223475,0.642143525583723,"Moderate"
"BSA","chymotrypsin-high","LGSFLY",6,1.31666666666667,FALSE,0.39088272925075,0.642143525583723,"Moderate"
"BSA","chymotrypsin-high","LY",2,1.25,FALSE,0.344270264500078,0.642143525583723,"Moderate"
"BSA","chymotrypsin-high","LYEY",4,-0.575,FALSE,0.35282642985241,0.642143525583723,"Moderate"
"BSA","chymotrypsin-high","EY",2,-2.4,FALSE,0.242455710363204,0.642143525583723,"Moderate"
"BSA","chymotrypsin-high","EYSRRHPEY",9,-2.68888888888889,FALSE,0.119024340021529,0.642143525583723,"Moderate"
"BSA","chymotrypsin-high","SRRHPEY",7,-2.77142857142857,FALSE,0.0347294287795275,0.642143525583723,"Moderate"
"BSA","chymotrypsin-high","SRRHPEYAVSVLLRLAKEY",19,-0.526315789473684,TRUE,0.000289237668159104,0.642143525583723,"Moderate"
"BSA","chymotrypsin-high","AVSVLLRLAKEY",12,0.783333333333333,FALSE,0.0620678965898684,0.642143525583723,"Moderate"
"BSA","chymotrypsin-high","AVSVLLRLAKEYEATLEECCAKDDPHACY",29,-0.0724137931034483,FALSE,0.00286389586869379,0.642143525583723,"Moderate"
"BSA","chymotrypsin-high","EATLEECCAKDDPHACY",17,-0.676470588235294,TRUE,0.205587812904187,0.642143525583723,"Moderate"
"BSA","chymotrypsin-high","EATLEECCAKDDPHACYSTVF",21,-0.285714285714286,TRUE,0.138961376883893,0.642143525583723,"Moderate"
"BSA","chymotrypsin-high","STVF",4,1.375,FALSE,0.253023030737071,0.642143525583723,"Moderate"
"BSA","chymotrypsin-high","STVFDKLKHLVDEPQNLIKQNCDQF",25,-0.684,TRUE,0.00491954226661667,0.642143525583723,"Moderate"
"BSA","chymotrypsin-high","DKLKHLVDEPQNLIKQNCDQF",21,-1.07619047619048,FALSE,-9.02611319020252e-16,0.642143525583723,"Moderate"
"BSA","chymotrypsin-high","DKLKHLVDEPQNLIKQNCDQFEKLGEY",27,-1.16296296296296,FALSE,0.00626179510459176,0.642143525583723,"Moderate"
"BSA","chymotrypsin-high","EKLGEY",6,-1.46666666666667,FALSE,0.258892181053225,0.642143525583723,"Moderate"
"BSA","chymotrypsin-high","EKLGEYGF",8,-0.8,TRUE,0.39733459252877,0.642143525583723,"Moderate"
"BSA","chymotrypsin-high","GF",2,1.2,FALSE,0.335953063217728,0.642143525583723,"Moderate"
"BSA","chymotrypsin-high","GFQNALIVRY",10,0.39,TRUE,0.198157601646565,0.642143525583723,"Moderate"
"BSA","chymotrypsin-high","QNALIVRY",8,0.1875,TRUE,0.113541922502134,0.642143525583723,"Moderate"
"BSA","chymotrypsin-high","QNALIVRYTRKVPQVSTPTLVEVSRSLGKVGTRCCTKPESERMPCTEDY",49,-0.553061224489796,FALSE,0.00342687656425526,0.642143525583723,"Moderate"
"BSA","chymotrypsin-high","TRKVPQVSTPTLVEVSRSLGKVGTRCCTKPESERMPCTEDY",41,-0.697560975609756,FALSE,0.00725190416609529,0.642143525583723,"Moderate"
"BSA","chymotrypsin-high","TRKVPQVSTPTLVEVSRSLGKVGTRCCTKPESERMPCTEDYLSLILNRLCVLHEKTPVSEKVTKCCTESLVNRRPCF",77,-0.328571428571429,FALSE,0.00231514084506848,0.642143525583723,"Moderate"
"BSA","chymotrypsin-high","LSLILNRLCVLHEKTPVSEKVTKCCTESLVNRRPCF",36,0.0916666666666666,FALSE,0.000926056338025833,0.642143525583723,"Moderate"
"BSA","chymotrypsin-high","LSLILNRLCVLHEKTPVSEKVTKCCTESLVNRRPCFSALTPDETY",45,-0.0711111111111111,FALSE,0.00447972523389627,0.642143525583723,"Moderate"
"BSA","chymotrypsin-high","SALTPDETY",9,-0.722222222222222,TRUE,0.649404745579125,0.642143525583723,"Moderate"
"BSA","chymotrypsin-high","SALTPDETYVPKAF",14,-0.228571428571429,TRUE,0.486629411083607,0.642143525583723,"Moderate"
"BSA","chymotrypsin-high","VPKAF",5,0.66,FALSE,0.306128862213471,0.642143525583723,"Moderate"
"BSA","chymotrypsin-high","VPKAFDEKLF",10,-0.1,TRUE,0.356522732162044,0.642143525583723,"Moderate"
"BSA","chymotrypsin-high","DEKLF",5,-0.86,FALSE,0.355961107530936,0.642143525583723,"Moderate"
"BSA","chymotrypsin-high","DEKLFTF",7,-0.314285714285714,TRUE,0.527215277089078,0.642143525583723,"Moderate"
"BSA","chymotrypsin-high","TF",2,1.05,FALSE,0.305582664542396,0.642143525583723,"Moderate"
"BSA","chymotrypsin-high","TFHADICTLPDTEKQIKKQTALVELLKHKPKATEEQLKTVMENF",44,-0.631818181818182,FALSE,0.00601326488603988,0.642143525583723,"Moderate"
"BSA","chymotrypsin-high","HADICTLPDTEKQIKKQTALVELLKHKPKATEEQLKTVMENF",42,-0.711904761904762,FALSE,0.00638870589039615,0.642143525583723,"Moderate"
"BSA","chymotrypsin-high","HADICTLPDTEKQIKKQTALVELLKHKPKATEEQLKTVMENFVAF",45,-0.468888888888889,FALSE,0.0061839536058189,0.642143525583723,"Moderate"
"BSA","chymotrypsin-high","VAF",3,2.93333333333333,FALSE,0.305127535461483,0.642143525583723,"Moderate"
"BSA","chymotrypsin-high","VAFVDKCCAADDKEACF",17,0.405882352941176,TRUE,0.0703506787793896,0.642143525583723,"Moderate"
"BSA","chymotrypsin-high","VDKCCAADDKEACF",14,-0.135714285714286,TRUE,0.0866728464138557,0.642143525583723,"Moderate"
"BSA","chymotrypsin-high","VDKCCAADDKEACFAVEGPKLVVSTQTALA",30,0.286666666666667,FALSE,0.0130879718057269,0.642143525583723,"Moderate"
"BSA","chymotrypsin-high","AVEGPKLVVSTQTALA",16,0.65625,FALSE,0.283742425329867,0.642143525583723,"Moderate"
"H3","trypsin","MAR",3,-0.266666666666667,FALSE,0.117196943117914,0.618967929544699,"Moderate"
"H3","trypsin","MARTK",5,-1.08,FALSE,0.00495109768935674,0.618967929544699,"Moderate"
"H3","trypsin","TK",2,-2.3,FALSE,0.0776707454365106,0.618967929544699,"Moderate"
"H3","trypsin","TKQTAR",6,-1.91666666666667,FALSE,0.00106986467345808,0.618967929544699,"Moderate"
"H3","trypsin","QTAR",4,-1.725,FALSE,0.0569055821820286,0.618967929544699,"Moderate"
"H3","trypsin","QTARK",5,-2.16,FALSE,0.0017001005530412,0.618967929544699,"Moderate"
"H3","trypsin","K",1,-3.9,FALSE,0.116516626835572,0.618967929544699,"Moderate"
"H3","trypsin","KSTGGK",6,-1.68333333333333,FALSE,0.00243050575026797,0.618967929544699,"Moderate"
"H3","trypsin","STGGK",5,-1.24,FALSE,0.0380759063558763,0.618967929544699,"Moderate"
"H3","trypsin","STGGKAPR",8,-1.3125,FALSE,0.0291428742883682,0.618967929544699,"Moderate"
"H3","trypsin","APR",3,-1.43333333333333,FALSE,0.0680317512365451,0.618967929544699,"Moderate"
"H3","trypsin","APRK",4,-2.05,FALSE,0.0282782777828615,0.618967929544699,"Moderate"
"H3","trypsin","K",1,-3.9,FALSE,0.116516626835572,0.618967929544699,"Moderate"
"H3","trypsin","KQLATK",6,-1.06666666666667,FALSE,0.00847594272819524,0.618967929544699,"Moderate"
"H3","trypsin","QLATK",5,-0.5,FALSE,0.0738453857014688,0.618967929544699,"Moderate"
"H3","trypsin","QLATKAAR",8,-0.425,TRUE,0.00419461491684866,0.618967929544699,"Moderate"
"H3","trypsin","AAR",3,-0.3,FALSE,0.0557650793397063,0.618967929544699,"Moderate"
"H3","trypsin","AARK",4,-1.2,FALSE,0.00297025211396001,0.618967929544699,"Moderate"
"H3","trypsin","K",1,-3.9,FALSE,0.116516626835572,0.618967929544699,"Moderate"
"H3","trypsin","KSAPATGGVK",10,-0.39,TRUE,0.20522365052176,0.618967929544699,"Moderate"
"H3","trypsin","SAPATGGVK",9,2.46475293878371e-17,TRUE,0.598680071606034,0.618967929544699,"Moderate"
"H3","trypsin","SAPATGGVKKPHR",13,-1.01538461538462,FALSE,0.0182354071073682,0.618967929544699,"Moderate"
"H3","trypsin","KPHR",4,-3.3,FALSE,0.0558302846624472,0.618967929544699,"Moderate"
"H3","trypsin","KPHRYRPGTVALR",13,-1.26153846153846,FALSE,0.0109718008875711,0.618967929544699,"Moderate"
"H3","trypsin","YRPGTVALR",9,-0.355555555555556,TRUE,0.127970461464362,0.618967929544699,"Moderate"
"H3","trypsin","YRPGTVALREIR",12,-0.558333333333333,TRUE,-1.86606285978996e-15,0.618967929544699,"Moderate"
"H3","trypsin","EIR",3,-1.16666666666667,FALSE,0.155578405185399,0.618967929544699,"Moderate"
"H3","trypsin","EIRR",4,-2,FALSE,0.0177468918702888,0.618967929544699,"Moderate"
"H3","trypsin","R",1,-4.5,FALSE,0.110949846286314,0.618967929544699,"Moderate"
"H3","trypsin","RYQK",4,-3.3,FALSE,0.00934296384757125,0.618967929544699,"Moderate"
"H3","trypsin","YQK",3,-2.9,FALSE,0.213842076517234,0.618967929544699,"Moderate"
"H3","trypsin","YQKSTELLIR",10,-0.61,TRUE,0.112946900394873,0.618967929544699,"Moderate"
"H3","trypsin","STELLIR",7,0.371428571428571,TRUE,0.748767397008477,0.618967929544699,"Moderate"
"H3","trypsin","STELLIRK",8,-0.1625,TRUE,0.196883400438338,0.618967929544699,"Moderate"
"H3","trypsin","K",1,-3.9,FALSE,0.116516626835572,0.618967929544699,"Moderate"
"H3","trypsin","KLPFQR",6,-1.15,FALSE,0.0930125999722828,0.618967929544699,"Moderate"
"H3","trypsin","LPFQR",5,-0.6,FALSE,0.162117420621874,0.618967929544699,"Moderate"
"H3","trypsin","LPFQRLVR",8,0.0624999999999999,TRUE,0.167038032643846,0.618967929544699,"Moderate"
"H3","trypsin","LVR",3,1.16666666666667,FALSE,0.199925765394352,0.618967929544699,"Moderate"
"H3","trypsin","LVREIAQDFK",10,-0.18,TRUE,0.437070163089504,0.618967929544699,"Moderate"
"H3","trypsin","EIAQDFK",7,-0.757142857142857,TRUE,0.72245051266378,0.618967929544699,"Moderate"
"H3","trypsin","EIAQDFKTDLR",11,-0.927272727272727,TRUE,0.358975062728869,0.618967929544699,"Moderate"
"H3","trypsin","TDLR",4,-1.225,FALSE,0.075374395199785,0.618967929544699,"Moderate"
"H3","trypsin","TDLRFQSSAVMALQEACEAYLVGLFEDTNLCAIHAK",36,0.302777777777778,FALSE,0.0286283326941165,0.618967929544699,"Moderate"
"H3","trypsin","FQSSAVMALQEACEAYLVGLFEDTNLCAIHAK",32,0.49375,FALSE,0.207633030896917,0.618967929544699,"Moderate"
"H3","trypsin","FQSSAVMALQEACEAYLVGLFEDTNLCAIHAKR",33,0.342424242424242,FALSE,0.0192590688484052,0.618967929544699,"Moderate"
"H3","trypsin","R",1,-4.5,FALSE,0.110949846286314,0.618967929544699,"Moderate"
"H3","trypsin","RVTIMPK",7,-0.0142857142857143,TRUE,0.164778544237929,0.618967929544699,"Moderate"
"H3","trypsin","VTIMPK",6,0.733333333333333,FALSE,0.218494825838084,0.618967929544699,"Moderate"
"H3","trypsin","VTIMPKDIQLAR",12,0.25,TRUE,0.354433343516517,0.618967929544699,"Moderate"
"H3","trypsin","DIQLAR",6,-0.233333333333333,FALSE,0.161334455751526,0.618967929544699,"Moderate"
"H3","trypsin","DIQLARR",7,-0.842857142857143,TRUE,0.0284299638763582,0.618967929544699,"Moderate"
"H3","trypsin","R",1,-4.5,FALSE,0.110949846286314,0.618967929544699,"Moderate"
"H3","trypsin","RIR",3,-1.5,FALSE,0.0277469631323994,0.618967929544699,"Moderate"
"H3","trypsin","IR",2,0,FALSE,0.151912614351169,0.618967929544699,"Moderate"
"H3","trypsin","IRGER",5,-1.68,FALSE,0.00862126190491455,0.618967929544699,"Moderate"
"H3","trypsin","GER",3,-2.8,FALSE,0.04091824756706,0.618967929544699,"Moderate"
"H3","trypsin","GERA",4,-1.65,FALSE,0.0307550841077272,0.618967929544699,"Moderate"
"H3","trypsin","A",1,1.8,FALSE,0.105499615606291,0.618967929544699,"Moderate"
"H3","lysc","MARTK",5,-1.08,FALSE,0.00495109768935674,0.769150871459695,"Good"
"H3","lysc","MARTKQTARK",10,-1.62,FALSE,-1.92867943837882e-15,0.769150871459695,"Good"
"H3","lysc","QTARK",5,-2.16,FALSE,0.0017001005530412,0.769150871459695,"Good"
"H3","lysc","QTARKSTGGK",10,-1.7,FALSE,0.00314252607184043,0.769150871459695,"Good"
"H3","lysc","STGGK",5,-1.24,FALSE,0.0380759063558763,0.769150871459695,"Good"
"H3","lysc","STGGKAPRK",9,-1.6,FALSE,0.00294654576550613,0.769150871459695,"Good"
"H3","lysc","APRK",4,-2.05,FALSE,0.0282782777828615,0.769150871459695,"Good"
"H3","lysc","APRKQLATK",9,-1.18888888888889,FALSE,0.0408053362828941,0.769150871459695,"Good"
"H3","lysc","QLATK",5,-0.5,FALSE,0.0738453857014688,0.769150871459695,"Good"
"H3","lysc","QLATKAARK",9,-0.811111111111111,TRUE,-2.45603537507577e-15,0.769150871459695,"Good"
"H3","lysc","AARK",4,-1.2,FALSE,0.00297025211396001,0.769150871459695,"Good"
"H3","lysc","AARKSAPATGGVK",13,-0.369230769230769,TRUE,0.00411277471091789,0.769150871459695,"Good"
"H3","lysc","SAPATGGVK",9,2.46475293878371e-17,TRUE,0.598680071606034,0.769150871459695,"Good"
"H3","lysc","SAPATGGVKK",10,-0.39,TRUE,0.155052610527354,0.769150871459695,"Good"
"H3","lysc","K",1,-3.9,FALSE,0.116516626835572,0.769150871459695,"Good"
"H3","lysc","KPHRYRPGTVALREIRRYQK",20,-1.655,FALSE,0.00294999804693581,0.769150871459695,"Good"
"H3","lysc","PHRYRPGTVALREIRRYQK",19,-1.53684210526316,FALSE,0.00430761974742586,0.769150871459695,"Good"
"H3","lysc","PHRYRPGTVALREIRRYQKSTELLIRK",27,-1.12962962962963,FALSE,0.00487654739598468,0.769150871459695,"Good"
"H3","lysc","STELLIRK",8,-0.1625,TRUE,0.196883400438338,0.769150871459695,"Good"
"H3","lysc","STELLIRKLPFQRLVREIAQDFK",23,-0.265217391304348,TRUE,0.00258240426570343,0.769150871459695,"Good"
"H3","lysc","LPFQRLVREIAQDFK",15,-0.32,TRUE,0.0192459663613477,0.769150871459695,"Good"
"H3","lysc","LPFQRLVREIAQDFKTDLRFQSSAVMALQEACEAYLVGLFEDTNLCAIHAK",51,0.119607843137255,FALSE,0.00194898549201388,0.769150871459695,"Good"
"H3","lysc","TDLRFQSSAVMALQEACEAYLVGLFEDTNLCAIHAK",36,0.302777777777778,FALSE,0.0286283326941165,0.769150871459695,"Good"
"H3","lysc","TDLRFQSSAVMALQEACEAYLVGLFEDTNLCAIHAKRVTIMPK",43,0.251162790697674,FALSE,0.00118296120866041,0.769150871459695,"Good"
"H3","lysc","RVTIMPK",7,-0.0142857142857143,TRUE,0.164778544237929,0.769150871459695,"Good"
"H3","lysc","RVTIMPKDIQLARRIRGERA",20,-0.63,TRUE,-2.04225525379798e-15,0.769150871459695,"Good"
"H3","lysc","DIQLARRIRGERA",13,-0.961538461538462,TRUE,-2.4829027722717e-15,0.769150871459695,"Good"
"H3","chymotrypsin-high","MARTKQTARKSTGGKAPRKQLATKAARKSAPATGGVKKPHRY",42,-1.24761904761905,FALSE,0.00320320382633866,0.680622549019608,"Good"
"H3","chymotrypsin-high","MARTKQTARKSTGGKAPRKQLATKAARKSAPATGGVKKPHRYRPGTVALREIRRY",55,-1.15636363636364,FALSE,0.00184544693717496,0.680622549019608,"Good"
"H3","chymotrypsin-high","RPGTVALREIRRY",13,-0.861538461538462,TRUE,-1.94166904776694e-15,0.680622549019608,"Good"
"H3","chymotrypsin-high","RPGTVALREIRRYQKSTELLIRKLPF",26,-0.573076923076923,FALSE,0.00721567506107229,0.680622549019608,"Good"
"H3","chymotrypsin-high","QKSTELLIRKLPF",13,-0.284615384615385,TRUE,0.00976878694364036,0.680622549019608,"Good"
"H3","chymotrypsin-high","QKSTELLIRKLPFQRLVREIAQDF",24,-0.4,TRUE,0.00378580939158682,0.680622549019608,"Good"
"H3","chymotrypsin-high","QRLVREIAQDF",11,-0.536363636363636,TRUE,0.0929511014520068,0.680622549019608,"Good"
"H3","chymotrypsin-high","QRLVREIAQDFKTDLRF",17,-0.7,TRUE,-2.1905810498879e-15,0.680622549019608,"Good"
"H3","chymotrypsin-high","KTDLRF",6,-1,FALSE,0.0452333102659305,0.680622549019608,"Good"
"H3","chymotrypsin-high","KTDLRFQSSAVMALQEACEAY",21,-0.157142857142857,TRUE,0.00200231462218755,0.680622549019608,"Good"
"H3","chymotrypsin-high","QSSAVMALQEACEAY",15,0.18,TRUE,0.514959261081741,0.680622549019608,"Good"
"H3","chymotrypsin-high","QSSAVMALQEACEAYLVGLF",20,0.845,FALSE,0.353724474002362,0.680622549019608,"Good"
"H3","chymotrypsin-high","LVGLF",5,2.84,FALSE,0.342368956215816,0.680622549019608,"Good"
"H3","chymotrypsin-high","LVGLFEDTNLCAIHAKRVTIMPKDIQLARRIRGERA",36,-0.0638888888888889,FALSE,-2.87259105391513e-15,0.680622549019608,"Good"
"H3","chymotrypsin-high","EDTNLCAIHAKRVTIMPKDIQLARRIRGERA",31,-0.532258064516129,FALSE,0.000926056338025651,0.680622549019608,"Good"
"BACE1","trypsin","MAQALPWLLLWMGAGVLPAHGTQHGIR",27,0.5,FALSE,0.252915844270186,0.573314295820655,"Moderate"
"BACE1","trypsin","MAQALPWLLLWMGAGVLPAHGTQHGIRLPLR",31,0.483870967741935,FALSE,0.0866486282568001,0.573314295820655,"Moderate"
"BACE1","trypsin","LPLR",4,0.375,FALSE,0.211231331049405,0.573314295820655,"Moderate"
"BACE1","trypsin","LPLRSGLGGAPLGLR",15,0.413333333333333,TRUE,0.200653814145393,0.573314295820655,"Moderate"
"BACE1","trypsin","SGLGGAPLGLR",11,0.427272727272727,TRUE,0.635089306447313,0.573314295820655,"Moderate"
"BACE1","trypsin","SGLGGAPLGLRLPR",14,0.171428571428571,TRUE,0.172781710591612,0.573314295820655,"Moderate"
"BACE1","trypsin","LPR",3,-0.766666666666667,FALSE,0.154532783520089,0.573314295820655,"Moderate"
"BACE1","trypsin","LPRETDEEPEEPGR",14,-2.29285714285714,FALSE,0.302730565022349,0.573314295820655,"Moderate"
"BACE1","trypsin","ETDEEPEEPGR",11,-2.70909090909091,FALSE,0.365317588363125,0.573314295820655,"Moderate"
"BACE1","trypsin","ETDEEPEEPGRR",12,-2.85833333333333,FALSE,0.258165161894219,0.573314295820655,"Moderate"
"BACE1","trypsin","R",1,-4.5,FALSE,0.110949846286314,0.573314295820655,"Moderate"
"BACE1","trypsin","RGSFVEMVDNLR",12,-0.316666666666667,TRUE,0.267291123438235,0.573314295820655,"Moderate"
"BACE1","trypsin","GSFVEMVDNLR",11,0.0636363636363636,TRUE,0.678085222103545,0.573314295820655,"Moderate"
"BACE1","trypsin","GSFVEMVDNLRGK",13,-0.276923076923077,TRUE,0.294576329237432,0.573314295820655,"Moderate"
"BACE1","trypsin","GK",2,-2.15,FALSE,0.0739322656038561,0.573314295820655,"Moderate"
"BACE1","trypsin","GKSGQGYYVEMTVGSPPQTLNILVDTGSSNFAVGAAPHPFLHR",43,-0.16046511627907,FALSE,0.077009699151501,0.573314295820655,"Moderate"
"BACE1","trypsin","SGQGYYVEMTVGSPPQTLNILVDTGSSNFAVGAAPHPFLHR",41,-0.0634146341463415,FALSE,0.470830215101463,0.573314295820655,"Moderate"
"BACE1","trypsin","SGQGYYVEMTVGSPPQTLNILVDTGSSNFAVGAAPHPFLHRYYQR",45,-0.293333333333333,FALSE,0.0560872925039984,0.573314295820655,"Moderate"
"BACE1","trypsin","YYQR",4,-2.65,FALSE,0.196057377888415,0.573314295820655,"Moderate"
"BACE1","trypsin","YYQRQLSSTYR",11,-1.67272727272727,FALSE,0.0326328850825956,0.573314295820655,"Moderate"
"BACE1","trypsin","QLSSTYR",7,-1.11428571428571,FALSE,0.66376018793185,0.573314295820655,"Moderate"
"BACE1","trypsin","QLSSTYRDLR",10,-1.2,FALSE,0.0687696431399361,0.573314295820655,"Moderate"
"BACE1","trypsin","DLR",3,-1.4,FALSE,0.144731555229632,0.573314295820655,"Moderate"
"BACE1","trypsin","DLRK",4,-2.025,FALSE,0.0263881325994112,0.573314295820655,"Moderate"
"BACE1","trypsin","K",1,-3.9,FALSE,0.116516626835572,0.573314295820655,"Moderate"
"BACE1","trypsin","KGVYVPYTQGK",11,-0.781818181818182,TRUE,0.271985215720815,0.573314295820655,"Moderate"
"BACE1","trypsin","GVYVPYTQGK",10,-0.47,TRUE,0.714311557384586,0.573314295820655,"Moderate"
"BACE1","trypsin","GVYVPYTQGKWEGELGTDLVSIPHGPNVTVR",31,-0.296774193548387,FALSE,0.118958769020169,0.573314295820655,"Moderate"
"BACE1","trypsin","WEGELGTDLVSIPHGPNVTVR",21,-0.214285714285714,TRUE,0.565200590828596,0.573314295820655,"Moderate"
"BACE1","trypsin","WEGELGTDLVSIPHGPNVTVRANIAAITESDK",32,-0.1875,FALSE,0.11745034999846,0.573314295820655,"Moderate"
"BACE1","trypsin","ANIAAITESDK",11,-0.136363636363636,TRUE,0.617713771279249,0.573314295820655,"Moderate"
"BACE1","trypsin","ANIAAITESDKFFINGSNWEGILGLAYAEIARPDDSLEPFFDSLVK",46,0.0565217391304348,FALSE,0.0316691811487687,0.573314295820655,"Moderate"
"BACE1","trypsin","FFINGSNWEGILGLAYAEIARPDDSLEPFFDSLVK",35,0.117142857142857,FALSE,0.0834318388777239,0.573314295820655,"Moderate"
"BACE1","trypsin","FFINGSNWEGILGLAYAEIARPDDSLEPFFDSLVKQTHVPNLFSLQLCGAGFPLNQSEVLASVGGSMIIGGIDHSLYTGSLWYTPIR",87,0.247126436781609,FALSE,0.0294456246766669,0.573314295820655,"Moderate"
"BACE1","trypsin","QTHVPNLFSLQLCGAGFPLNQSEVLASVGGSMIIGGIDHSLYTGSLWYTPIR",52,0.334615384615385,FALSE,0.233608471192035,0.573314295820655,"Moderate"
"BACE1","trypsin","QTHVPNLFSLQLCGAGFPLNQSEVLASVGGSMIIGGIDHSLYTGSLWYTPIRR",53,0.243396226415094,FALSE,0.0390760249353554,0.573314295820655,"Moderate"
"BACE1","trypsin","R",1,-4.5,FALSE,0.110949846286314,0.573314295820655,"Moderate"
"BACE1","trypsin","REWYYEVIIVR",11,-0.190909090909091,TRUE,0.30002484335411,0.573314295820655,"Moderate"
"BACE1","trypsin","EWYYEVIIVR",10,0.24,TRUE,0.624522175267211,0.573314295820655,"Moderate"
"BACE1","trypsin","EWYYEVIIVRVEINGQDLK",19,-0.178947368421053,TRUE,0.0877280591323141,0.573314295820655,"Moderate"
"BACE1","trypsin","VEINGQDLK",9,-0.644444444444444,TRUE,0.677479895040616,0.573314295820655,"Moderate"
"BACE1","trypsin","VEINGQDLKMDCK",13,-0.676923076923077,TRUE,0.379515293404069,0.573314295820655,"Moderate"
"BACE1","trypsin","MDCK",4,-0.75,FALSE,0.0738849227734731,0.573314295820655,"Moderate"
"BACE1","trypsin","MDCKEYNYDK",10,-2,FALSE,0.428134967329525,0.573314295820655,"Moderate"
"BACE1","trypsin","EYNYDK",6,-2.83333333333333,FALSE,0.557407391218468,0.573314295820655,"Moderate"
"BACE1","trypsin","EYNYDKSIVDSGTTNLR",17,-1.14117647058824,FALSE,0.237067047050892,0.573314295820655,"Moderate"
"BACE1","trypsin","SIVDSGTTNLR",11,-0.218181818181818,TRUE,0.626575845642136,0.573314295820655,"Moderate"
"BACE1","trypsin","SIVDSGTTNLRLPK",14,-0.292857142857143,TRUE,0.292620268665526,0.573314295820655,"Moderate"
"BACE1","trypsin","LPK",3,-0.566666666666667,FALSE,0.183198285068615,0.573314295820655,"Moderate"
"BACE1","trypsin","LPKK",4,-1.4,FALSE,0.111925731874938,0.573314295820655,"Moderate"
"BACE1","trypsin","K",1,-3.9,FALSE,0.116516626835572,0.573314295820655,"Moderate"
"BACE1","trypsin","KVFEAAVK",8,0.4375,TRUE,0.157830005272672,0.573314295820655,"Moderate"
"BACE1","trypsin","VFEAAVK",7,1.05714285714286,FALSE,0.746168200152227,0.573314295820655,"Moderate"
"BACE1","trypsin","VFEAAVKSIK",10,0.72,FALSE,0.278201071888215,0.573314295820655,"Moderate"
"BACE1","trypsin","SIK",3,-0.0666666666666667,FALSE,0.0925027851492065,0.573314295820655,"Moderate"
"BACE1","trypsin","SIKAASSTEK",10,-0.63,TRUE,0.0774779242627305,0.573314295820655,"Moderate"
"BACE1","trypsin","AASSTEK",7,-0.871428571428571,TRUE,0.0293898935798045,0.573314295820655,"Moderate"
"BACE1","trypsin","AASSTEKFPDGFWLGEQLVCWQAGTTPWNIFPVISLYLMGEVTNQSFR",48,0.03125,FALSE,0.0391040971872354,0.573314295820655,"Moderate"
"BACE1","trypsin","FPDGFWLGEQLVCWQAGTTPWNIFPVISLYLMGEVTNQSFR",41,0.185365853658537,FALSE,0.241777441794851,0.573314295820655,"Moderate"
"BACE1","trypsin","FPDGFWLGEQLVCWQAGTTPWNIFPVISLYLMGEVTNQSFRITILPQQYLRPVEDVATSQDDCYK",65,-0.0615384615384616,FALSE,0.0303438246573081,0.573314295820655,"Moderate"
"BACE1","trypsin","ITILPQQYLRPVEDVATSQDDCYK",24,-0.483333333333333,TRUE,0.0628644255355961,0.573314295820655,"Moderate"
"BACE1","trypsin","ITILPQQYLRPVEDVATSQDDCYKFAISQSSTGTVMGAVIMEGFYVVFDR",50,0.174,FALSE,0.0225385777620529,0.573314295820655,"Moderate"
"BACE1","trypsin","FAISQSSTGTVMGAVIMEGFYVVFDR",26,0.780769230769231,FALSE,0.238863764380661,0.573314295820655,"Moderate"
"BACE1","trypsin","FAISQSSTGTVMGAVIMEGFYVVFDRAR",28,0.628571428571429,FALSE,0.0292094788095591,0.573314295820655,"Moderate"
"BACE1","trypsin","AR",2,-1.35,FALSE,0.064841962688344,0.573314295820655,"Moderate"
"BACE1","trypsin","ARK",3,-2.2,FALSE,0.00414103923813843,0.573314295820655,"Moderate"
"BACE1","trypsin","K",1,-3.9,FALSE,0.116516626835572,0.573314295820655,"Moderate"
"BACE1","trypsin","KR",2,-4.2,FALSE,0.0309157345145662,0.573314295820655,"Moderate"
"BACE1","trypsin","R",1,-4.5,FALSE,0.110949846286314,0.573314295820655,"Moderate"
"BACE1","trypsin","RIGFAVSACHVHDEFR",16,0.0625,TRUE,0.0909228516556711,0.573314295820655,"Moderate"
"BACE1","trypsin","IGFAVSACHVHDEFR",15,0.366666666666667,TRUE,0.556419323196192,0.573314295820655,"Moderate"
"BACE1","trypsin","IGFAVSACHVHDEFRTAAVEGPFVTLDMEDCGYNIPQTDESTLMTIAYVMAAICALFMLPLCLMVCQWR",69,0.653623188405797,FALSE,0.0377574786184483,0.573314295820655,"Moderate"
"BACE1","trypsin","TAAVEGPFVTLDMEDCGYNIPQTDESTLMTIAYVMAAICALFMLPLCLMVCQWR",54,0.733333333333333,FALSE,0.216914037518672,0.573314295820655,"Moderate"
"BACE1","trypsin","TAAVEGPFVTLDMEDCGYNIPQTDESTLMTIAYVMAAICALFMLPLCLMVCQWRCLR",57,0.726315789473684,FALSE,0.0362997949418812,0.573314295820655,"Moderate"
"BACE1","trypsin","CLR",3,0.6,FALSE,0.120232597385784,0.573314295820655,"Moderate"
"BACE1","trypsin","CLRCLR",6,0.6,FALSE,0.00811872169702703,0.573314295820655,"Moderate"
"BACE1","trypsin","CLR",3,0.6,FALSE,0.120232597385784,0.573314295820655,"Moderate"
"BACE1","trypsin","CLRQQHDDFADDISLLK",17,-0.611764705882353,TRUE,0.144276759380112,0.573314295820655,"Moderate"
"BACE1","trypsin","QQHDDFADDISLLK",14,-0.871428571428571,TRUE,0.541049836590916,0.573314295820655,"Moderate"
"BACE1","lysc","MAQALPWLLLWMGAGVLPAHGTQHGIRLPLRSGLGGAPLGLRLPRETDEEPEEPGRRGSFVEMVDNLRGK",70,-0.292857142857143,FALSE,0.0215902422035873,0.38938718691649,"Poor"
"BACE1","lysc","MAQALPWLLLWMGAGVLPAHGTQHGIRLPLRSGLGGAPLGLRLPRETDEEPEEPGRRGSFVEMVDNLRGKSGQGYYVEMTVGSPPQTLNILVDTGSSNFAVGAAPHPFLHRYYQRQLSSTYRDLRK",126,-0.393650793650794,FALSE,0.00449004093377764,0.38938718691649,"Poor"
"BACE1","lysc","SGQGYYVEMTVGSPPQTLNILVDTGSSNFAVGAAPHPFLHRYYQRQLSSTYRDLRK",56,-0.519642857142857,FALSE,0.00593327237363853,0.38938718691649,"Poor"
"BACE1","lysc","SGQGYYVEMTVGSPPQTLNILVDTGSSNFAVGAAPHPFLHRYYQRQLSSTYRDLRKGVYVPYTQGK",66,-0.512121212121212,FALSE,0.00545270448269084,0.38938718691649,"Poor"
"BACE1","lysc","GVYVPYTQGK",10,-0.47,TRUE,0.714311557384586,0.38938718691649,"Poor"
"BACE1","lysc","GVYVPYTQGKWEGELGTDLVSIPHGPNVTVRANIAAITESDK",42,-0.254761904761905,FALSE,0.0309330732893714,0.38938718691649,"Poor"
"BACE1","lysc","WEGELGTDLVSIPHGPNVTVRANIAAITESDK",32,-0.1875,FALSE,0.11745034999846,0.38938718691649,"Poor"
"BACE1","lysc","WEGELGTDLVSIPHGPNVTVRANIAAITESDKFFINGSNWEGILGLAYAEIARPDDSLEPFFDSLVK",67,-0.0283582089552239,FALSE,0.0333905478881652,0.38938718691649,"Poor"
"BACE1","lysc","FFINGSNWEGILGLAYAEIARPDDSLEPFFDSLVK",35,0.117142857142857,FALSE,0.0834318388777239,0.38938718691649,"Poor"
"BACE1","lysc","FFINGSNWEGILGLAYAEIARPDDSLEPFFDSLVKQTHVPNLFSLQLCGAGFPLNQSEVLASVGGSMIIGGIDHSLYTGSLWYTPIRREWYYEVIIVRVEINGQDLK",107,0.127102803738318,FALSE,0.0205441500640052,0.38938718691649,"Poor"
"BACE1","lysc","QTHVPNLFSLQLCGAGFPLNQSEVLASVGGSMIIGGIDHSLYTGSLWYTPIRREWYYEVIIVRVEINGQDLK",72,0.131944444444444,FALSE,0.00874471671743578,0.38938718691649,"Poor"
"BACE1","lysc","QTHVPNLFSLQLCGAGFPLNQSEVLASVGGSMIIGGIDHSLYTGSLWYTPIRREWYYEVIIVRVEINGQDLKMDCK",76,0.0855263157894737,FALSE,0.00755089667878702,0.38938718691649,"Poor"
"BACE1","lysc","MDCK",4,-0.75,FALSE,0.0738849227734731,0.38938718691649,"Poor"
"BACE1","lysc","MDCKEYNYDK",10,-2,FALSE,0.428134967329525,0.38938718691649,"Poor"
"BACE1","lysc","EYNYDK",6,-2.83333333333333,FALSE,0.557407391218468,0.38938718691649,"Poor"
"BACE1","lysc","EYNYDKSIVDSGTTNLRLPK",20,-1.055,FALSE,0.0124877761242522,0.38938718691649,"Poor"
"BACE1","lysc","SIVDSGTTNLRLPK",14,-0.292857142857143,TRUE,0.292620268665526,0.38938718691649,"Poor"
"BACE1","lysc","SIVDSGTTNLRLPKK",15,-0.533333333333333,TRUE,0.00914521298063606,0.38938718691649,"Poor"
"BACE1","lysc","K",1,-3.9,FALSE,0.116516626835572,0.38938718691649,"Poor"
"BACE1","lysc","KVFEAAVK",8,0.4375,TRUE,0.157830005272672,0.38938718691649,"Poor"
"BACE1","lysc","VFEAAVK",7,1.05714285714286,FALSE,0.746168200152227,0.38938718691649,"Poor"
"BACE1","lysc","VFEAAVKSIK",10,0.72,FALSE,0.278201071888215,0.38938718691649,"Poor"
"BACE1","lysc","SIK",3,-0.0666666666666667,FALSE,0.0925027851492065,0.38938718691649,"Poor"
"BACE1","lysc","SIKAASSTEK",10,-0.63,TRUE,0.0774779242627305,0.38938718691649,"Poor"
"BACE1","lysc","AASSTEK",7,-0.871428571428571,TRUE,0.0293898935798045,0.38938718691649,"Poor"
"BACE1","lysc","AASSTEKFPDGFWLGEQLVCWQAGTTPWNIFPVISLYLMGEVTNQSFRITILPQQYLRPVEDVATSQDDCYK",72,-0.140277777777778,FALSE,0.0285053278286355,0.38938718691649,"Poor"
"BACE1","lysc","FPDGFWLGEQLVCWQAGTTPWNIFPVISLYLMGEVTNQSFRITILPQQYLRPVEDVATSQDDCYK",65,-0.0615384615384616,FALSE,0.0303438246573081,0.38938718691649,"Poor"
"BACE1","lysc","FPDGFWLGEQLVCWQAGTTPWNIFPVISLYLMGEVTNQSFRITILPQQYLRPVEDVATSQDDCYKFAISQSSTGTVMGAVIMEGFYVVFDRARK",94,0.103191489361702,FALSE,0.0146309406004659,0.38938718691649,"Poor"
"BACE1","lysc","FAISQSSTGTVMGAVIMEGFYVVFDRARK",29,0.472413793103448,FALSE,0.00800266051126898,0.38938718691649,"Poor"
"BACE1","lysc","FAISQSSTGTVMGAVIMEGFYVVFDRARKRIGFAVSACHVHDEFRTAAVEGPFVTLDMEDCGYNIPQTDESTLMTIAYVMAAICALFMLPLCLMVCQWRCLRCLRQQHDDFADDISLLK",119,0.384033613445378,FALSE,0.015042320761815,0.38938718691649,"Poor"
"BACE1","lysc","RIGFAVSACHVHDEFRTAAVEGPFVTLDMEDCGYNIPQTDESTLMTIAYVMAAICALFMLPLCLMVCQWRCLRCLRQQHDDFADDISLLK",90,0.355555555555556,FALSE,0.0113976440514822,0.38938718691649,"Poor"
"BACE1","chymotrypsin-high","MAQALPW",7,0.471428571428571,TRUE,0.631020802674619,0.768688882029755,"Good"
"BACE1","chymotrypsin-high","MAQALPWLLLWMGAGVLPAHGTQHGIRLPLRSGLGGAPLGLRLPRETDEEPEEPGRRGSF",60,-0.255,FALSE,0.0540575186224305,0.768688882029755,"Good"
"BACE1","chymotrypsin-high","LLLWMGAGVLPAHGTQHGIRLPLRSGLGGAPLGLRLPRETDEEPEEPGRRGSF",53,-0.350943396226415,FALSE,0.0510414298192586,0.768688882029755,"Good"
"BACE1","chymotrypsin-high","LLLWMGAGVLPAHGTQHGIRLPLRSGLGGAPLGLRLPRETDEEPEEPGRRGSFVEMVDNLRGKSGQGY",68,-0.444117647058824,FALSE,0.00885910005151774,0.768688882029755,"Good"
"BACE1","chymotrypsin-high","VEMVDNLRGKSGQGY",15,-0.773333333333333,TRUE,0.0899504511870942,0.768688882029755,"Good"
"BACE1","chymotrypsin-high","VEMVDNLRGKSGQGYY",16,-0.80625,TRUE,0.0476181943818183,0.768688882029755,"Good"
"BACE1","chymotrypsin-high","Y",1,-1.3,FALSE,0.33259153318391,0.768688882029755,"Good"
"BACE1","chymotrypsin-high","YVEMTVGSPPQTLNILVDTGSSNF",24,0.0875,TRUE,0.439704693634906,0.768688882029755,"Good"
"BACE1","chymotrypsin-high","VEMTVGSPPQTLNILVDTGSSNF",23,0.147826086956522,TRUE,0.482148286255983,0.768688882029755,"Good"
"BACE1","chymotrypsin-high","VEMTVGSPPQTLNILVDTGSSNFAVGAAPHPF",32,0.28125,FALSE,0.432707728990342,0.768688882029755,"Good"
"BACE1","chymotrypsin-high","AVGAAPHPF",9,0.622222222222222,FALSE,0.68340767702803,0.768688882029755,"Good"
"BACE1","chymotrypsin-high","AVGAAPHPFLHRY",13,0.0307692307692307,TRUE,0.310396351984098,0.768688882029755,"Good"
"BACE1","chymotrypsin-high","LHRY",4,-1.3,FALSE,0.047163635234384,0.768688882029755,"Good"
"BACE1","chymotrypsin-high","LHRYY",5,-1.3,FALSE,0.0878265257963014,0.768688882029755,"Good"
"BACE1","chymotrypsin-high","Y",1,-1.3,FALSE,0.33259153318391,0.768688882029755,"Good"
"BACE1","chymotrypsin-high","YQRQLSSTY",9,-1.4,FALSE,0.098483383089955,0.768688882029755,"Good"
"BACE1","chymotrypsin-high","QRQLSSTY",8,-1.4125,FALSE,0.106557802774451,0.768688882029755,"Good"
"BACE1","chymotrypsin-high","QRQLSSTYRDLRKGVY",16,-1.3375,FALSE,0.000299376299373553,0.768688882029755,"Good"
"BACE1","chymotrypsin-high","RDLRKGVY",8,-1.2625,FALSE,0.000520683147452748,0.768688882029755,"Good"
"BACE1","chymotrypsin-high","RDLRKGVYVPY",11,-0.8,TRUE,0.0590865653793705,0.768688882029755,"Good"
"BACE1","chymotrypsin-high","VPY",3,0.433333333333333,FALSE,0.293304919056623,0.768688882029755,"Good"
"BACE1","chymotrypsin-high","VPYTQGKW",8,-1.0125,FALSE,0.376579967827759,0.768688882029755,"Good"
"BACE1","chymotrypsin-high","TQGKW",5,-1.88,FALSE,0.0542924598306552,0.768688882029755,"Good"
"BACE1","chymotrypsin-high","TQGKWEGELGTDLVSIPHGPNVTVRANIAAITESDKF",37,-0.316216216216216,FALSE,0.0180618246848245,0.768688882029755,"Good"
"BACE1","chymotrypsin-high","EGELGTDLVSIPHGPNVTVRANIAAITESDKF",32,-0.071875,FALSE,0.0444136399478403,0.768688882029755,"Good"
"BACE1","chymotrypsin-high","EGELGTDLVSIPHGPNVTVRANIAAITESDKFF",33,0.0151515151515151,FALSE,0.0307409652921257,0.768688882029755,"Good"
"BACE1","chymotrypsin-high","F",1,2.8,FALSE,0.277376162458778,0.768688882029755,"Good"
"BACE1","chymotrypsin-high","FINGSNW",7,-0.257142857142857,TRUE,0.691210196538159,0.768688882029755,"Good"
"BACE1","chymotrypsin-high","INGSNW",6,-0.766666666666667,FALSE,0.231350165665079,0.768688882029755,"Good"
"BACE1","chymotrypsin-high","INGSNWEGILGLAY",14,0.264285714285714,TRUE,0.590764940545705,0.768688882029755,"Good"
"BACE1","chymotrypsin-high","EGILGLAY",8,1.0375,FALSE,0.790499432241308,0.768688882029755,"Good"
"BACE1","chymotrypsin-high","EGILGLAYAEIARPDDSLEPF",21,0.0238095238095238,TRUE,0.350821432647359,0.768688882029755,"Good"
"BACE1","chymotrypsin-high","AEIARPDDSLEPF",13,-0.6,TRUE,0.413047854073298,0.768688882029755,"Good"
"BACE1","chymotrypsin-high","AEIARPDDSLEPFF",14,-0.357142857142857,TRUE,0.443443405806394,0.768688882029755,"Good"
"BACE1","chymotrypsin-high","F",1,2.8,FALSE,0.277376162458778,0.768688882029755,"Good"
"BACE1","chymotrypsin-high","FDSLVKQTHVPNLF",14,0.0642857142857143,TRUE,0.296379202002325,0.768688882029755,"Good"
"BACE1","chymotrypsin-high","DSLVKQTHVPNLF",13,-0.146153846153846,TRUE,0.35249174386706,0.768688882029755,"Good"
"BACE1","chymotrypsin-high","DSLVKQTHVPNLFSLQLCGAGFPLNQSEVLASVGGSMIIGGIDHSLY",47,0.421276595744681,FALSE,0.0620413973647527,0.768688882029755,"Good"
"BACE1","chymotrypsin-high","SLQLCGAGFPLNQSEVLASVGGSMIIGGIDHSLY",34,0.638235294117647,FALSE,0.270792218588836,0.768688882029755,"Good"
"BACE1","chymotrypsin-high","SLQLCGAGFPLNQSEVLASVGGSMIIGGIDHSLYTGSLW",39,0.582051282051282,FALSE,0.244223537371628,0.768688882029755,"Good"
"BACE1","chymotrypsin-high","TGSLW",5,0.2,FALSE,0.214312821780379,0.768688882029755,"Good"
"BACE1","chymotrypsin-high","TGSLWY",6,-0.05,FALSE,0.548350735531246,0.768688882029755,"Good"
"BACE1","chymotrypsin-high","Y",1,-1.3,FALSE,0.33259153318391,0.768688882029755,"Good"
"BACE1","chymotrypsin-high","YTPIRREW",8,-1.5625,FALSE,0.0964180267130013,0.768688882029755,"Good"
"BACE1","chymotrypsin-high","TPIRREW",7,-1.6,FALSE,0.0653422847550708,0.768688882029755,"Good"
"BACE1","chymotrypsin-high","TPIRREWY",8,-1.5625,FALSE,0.0964180267130013,0.768688882029755,"Good"
"BACE1","chymotrypsin-high","Y",1,-1.3,FALSE,0.33259153318391,0.768688882029755,"Good"
"BACE1","chymotrypsin-high","YY",2,-1.3,FALSE,0.329995207482753,0.768688882029755,"Good"
"BACE1","chymotrypsin-high","Y",1,-1.3,FALSE,0.33259153318391,0.768688882029755,"Good"
"BACE1","chymotrypsin-high","YEVIIVRVEINGQDLKMDCKEY",22,-0.25,TRUE,0.00378606131828426,0.768688882029755,"Good"
"BACE1","chymotrypsin-high","EVIIVRVEINGQDLKMDCKEY",21,-0.2,TRUE,0.00232326559394778,0.768688882029755,"Good"
"BACE1","chymotrypsin-high","EVIIVRVEINGQDLKMDCKEYNY",23,-0.391304347826087,TRUE,0.00412350091784534,0.768688882029755,"Good"
"BACE1","chymotrypsin-high","NY",2,-2.4,FALSE,0.238581879550214,0.768688882029755,"Good"
"BACE1","chymotrypsin-high","NYDKSIVDSGTTNLRLPKKVF",21,-0.628571428571429,TRUE,0.00552511829720685,0.768688882029755,"Good"
"BACE1","chymotrypsin-high","DKSIVDSGTTNLRLPKKVF",19,-0.442105263157895,TRUE,0.002563001058458,0.768688882029755,"Good"
"BACE1","chymotrypsin-high","DKSIVDSGTTNLRLPKKVFEAAVKSIKAASSTEKFPDGF",39,-0.364102564102564,FALSE,0.00554159082905593,0.768688882029755,"Good"
"BACE1","chymotrypsin-high","EAAVKSIKAASSTEKFPDGF",20,-0.29,TRUE,0.0223275244120232,0.768688882029755,"Good"
"BACE1","chymotrypsin-high","EAAVKSIKAASSTEKFPDGFW",21,-0.319047619047619,TRUE,0.0150793309082753,0.768688882029755,"Good"
"BACE1","chymotrypsin-high","W",1,-0.9,FALSE,0.296754734089798,0.768688882029755,"Good"
"BACE1","chymotrypsin-high","WLGEQLVCW",9,0.566666666666667,TRUE,0.63340828687512,0.768688882029755,"Good"
"BACE1","chymotrypsin-high","LGEQLVCW",8,0.75,FALSE,0.65425146835801,0.768688882029755,"Good"
"BACE1","chymotrypsin-high","LGEQLVCWQAGTTPW",15,-1.48499557558098e-17,TRUE,0.511662014524154,0.768688882029755,"Good"
"BACE1","chymotrypsin-high","QAGTTPW",7,-0.857142857142857,TRUE,0.553715697647425,0.768688882029755,"Good"
"BACE1","chymotrypsin-high","QAGTTPWNIFPVISLY",16,0.4125,TRUE,0.566414755190684,0.768688882029755,"Good"
"BACE1","chymotrypsin-high","NIFPVISLY",9,1.4,FALSE,0.768213418766367,0.768688882029755,"Good"
"BACE1","chymotrypsin-high","NIFPVISLYLMGEVTNQSF",19,0.678947368421053,FALSE,0.318626880642376,0.768688882029755,"Good"
"BACE1","chymotrypsin-high","LMGEVTNQSF",10,0.03,TRUE,0.616207316454536,0.768688882029755,"Good"
"BACE1","chymotrypsin-high","LMGEVTNQSFRITILPQQY",19,-0.105263157894737,TRUE,0.0800285399584134,0.768688882029755,"Good"
"BACE1","chymotrypsin-high","RITILPQQY",9,-0.255555555555556,TRUE,0.35807999305501,0.768688882029755,"Good"
"BACE1","chymotrypsin-high","RITILPQQYLRPVEDVATSQDDCY",24,-0.508333333333333,TRUE,0.0146555444691404,0.768688882029755,"Good"
"BACE1","chymotrypsin-high","LRPVEDVATSQDDCY",15,-0.66,TRUE,0.370722990067576,0.768688882029755,"Good"
"BACE1","chymotrypsin-high","LRPVEDVATSQDDCYKF",17,-0.647058823529412,TRUE,0.07436678230638,0.768688882029755,"Good"
"BACE1","chymotrypsin-high","KF",2,-0.55,FALSE,0.178434588977485,0.768688882029755,"Good"
"BACE1","chymotrypsin-high","KFAISQSSTGTVMGAVIMEGF",21,0.69047619047619,FALSE,0.0822258860731633,0.768688882029755,"Good"
"BACE1","chymotrypsin-high","AISQSSTGTVMGAVIMEGF",19,0.821052631578947,FALSE,0.456377200286626,0.768688882029755,"Good"
"BACE1","chymotrypsin-high","AISQSSTGTVMGAVIMEGFY",20,0.715,FALSE,0.387864065617663,0.768688882029755,"Good"
"BACE1","chymotrypsin-high","Y",1,-1.3,FALSE,0.33259153318391,0.768688882029755,"Good"
"BACE1","chymotrypsin-high","YVVF",4,2.475,FALSE,0.313137029413802,0.768688882029755,"Good"
"BACE1","chymotrypsin-high","VVF",3,3.73333333333333,FALSE,0.301666663818405,0.768688882029755,"Good"
"BACE1","chymotrypsin-high","VVFDRARKRIGF",12,-0.0833333333333333,TRUE,0.0106519238029464,0.768688882029755,"Good"
"BACE1","chymotrypsin-high","DRARKRIGF",9,-1.35555555555556,FALSE,0.000996345919608661,0.768688882029755,"Good"
"BACE1","chymotrypsin-high","DRARKRIGFAVSACHVHDEF",20,-0.455,TRUE,0.000968354430377021,0.768688882029755,"Good"
"BACE1","chymotrypsin-high","AVSACHVHDEF",11,0.281818181818182,TRUE,0.578870898824871,0.768688882029755,"Good"
"BACE1","chymotrypsin-high","AVSACHVHDEFRTAAVEGPF",20,0.15,TRUE,0.166422671621392,0.768688882029755,"Good"
"BACE1","chymotrypsin-high","RTAAVEGPF",9,-0.0111111111111111,TRUE,0.465445949726347,0.768688882029755,"Good"
"BACE1","chymotrypsin-high","RTAAVEGPFVTLDMEDCGY",19,-0.0315789473684211,TRUE,0.1755722949364,0.768688882029755,"Good"
"BACE1","chymotrypsin-high","VTLDMEDCGY",10,-0.05,TRUE,0.565957336625473,0.768688882029755,"Good"
"BACE1","chymotrypsin-high","VTLDMEDCGYNIPQTDESTLMTIAY",25,-0.152,TRUE,0.209140296250097,0.768688882029755,"Good"
"BACE1","chymotrypsin-high","NIPQTDESTLMTIAY",15,-0.22,TRUE,0.598246550743621,0.768688882029755,"Good"
"BACE1","chymotrypsin-high","NIPQTDESTLMTIAYVMAAICALF",24,0.908333333333333,FALSE,0.242691783251988,0.768688882029755,"Good"
"BACE1","chymotrypsin-high","VMAAICALF",9,2.78888888888889,FALSE,0.638946934670817,0.768688882029755,"Good"
"BACE1","chymotrypsin-high","VMAAICALFMLPLCLMVCQW",20,2.175,FALSE,0.208008964106245,0.768688882029755,"Good"
"BACE1","chymotrypsin-high","MLPLCLMVCQW",11,1.67272727272727,FALSE,0.555174190090536,0.768688882029755,"Good"
"BACE1","chymotrypsin-high","MLPLCLMVCQWRCLRCLRQQHDDF",24,0.129166666666667,TRUE,0.00537058967384564,0.768688882029755,"Good"
"BACE1","chymotrypsin-high","RCLRCLRQQHDDF",13,-1.17692307692308,FALSE,0.0233380381005651,0.768688882029755,"Good"
"BACE1","chymotrypsin-high","RCLRCLRQQHDDFADDISLLK",21,-0.623809523809524,TRUE,0.00989169095907637,0.768688882029755,"Good"
"BACE1","chymotrypsin-high","ADDISLLK",8,0.275,TRUE,0.714230146001851,0.768688882029755,"Good"
