"protein_id","peptide","start","end","length","missed_cleavages","tool"
"sp|P02769|ALBU_BOVIN Albumin OS=Bos taurus OX=9913 GN=ALB PE=1 SV=4","MK",1,2,2,0,"pepVet"
"sp|P02769|ALBU_BOVIN Albumin OS=Bos taurus OX=9913 GN=ALB PE=1 SV=4","MKWVTFISLLLLFSSAYSR",1,19,19,1,"pepVet"
"sp|P02769|ALBU_BOVIN Albumin OS=Bos taurus OX=9913 GN=ALB PE=1 SV=4","WVTFISLLLLFSSAYSR",3,19,17,0,"pepVet"
"sp|P02769|ALBU_BOVIN Albumin OS=Bos taurus OX=9913 GN=ALB PE=1 SV=4","WVTFISLLLLFSSAYSRGVFR",3,23,21,1,"pepVet"
"sp|P02769|ALBU_BOVIN Albumin OS=Bos taurus OX=9913 GN=ALB PE=1 SV=4","GVFR",20,23,4,0,"pepVet"
"sp|P02769|ALBU_BOVIN Albumin OS=Bos taurus OX=9913 GN=ALB PE=1 SV=4","GVFRR",20,24,5,1,"pepVet"
"sp|P02769|ALBU_BOVIN Albumin OS=Bos taurus OX=9913 GN=ALB PE=1 SV=4","R",24,24,1,0,"pepVet"
"sp|P02769|ALBU_BOVIN Albumin OS=Bos taurus OX=9913 GN=ALB PE=1 SV=4","RDTHK",24,28,5,1,"pepVet"
"sp|P02769|ALBU_BOVIN Albumin OS=Bos taurus OX=9913 GN=ALB PE=1 SV=4","DTHK",25,28,4,0,"pepVet"
"sp|P02769|ALBU_BOVIN Albumin OS=Bos taurus OX=9913 GN=ALB PE=1 SV=4","DTHKSEIAHR",25,34,10,1,"pepVet"
"sp|P02769|ALBU_BOVIN Albumin OS=Bos taurus OX=9913 GN=ALB PE=1 SV=4","SEIAHR",29,34,6,0,"pepVet"
"sp|P02769|ALBU_BOVIN Albumin OS=Bos taurus OX=9913 GN=ALB PE=1 SV=4","SEIAHRFK",29,36,8,1,"pepVet"
"sp|P02769|ALBU_BOVIN Albumin OS=Bos taurus OX=9913 GN=ALB PE=1 SV=4","FK",35,36,2,0,"pepVet"
"sp|P02769|ALBU_BOVIN Albumin OS=Bos taurus OX=9913 GN=ALB PE=1 SV=4","FKDLGEEHFK",35,44,10,1,"pepVet"
"sp|P02769|ALBU_BOVIN Albumin OS=Bos taurus OX=9913 GN=ALB PE=1 SV=4","DLGEEHFK",37,44,8,0,"pepVet"
"sp|P02769|ALBU_BOVIN Albumin OS=Bos taurus OX=9913 GN=ALB PE=1 SV=4","DLGEEHFKGLVLIAFSQYLQQCPFDEHVK",37,65,29,1,"pepVet"
"sp|P02769|ALBU_BOVIN Albumin OS=Bos taurus OX=9913 GN=ALB PE=1 SV=4","GLVLIAFSQYLQQCPFDEHVK",45,65,21,0,"pepVet"
"sp|P02769|ALBU_BOVIN Albumin OS=Bos taurus OX=9913 GN=ALB PE=1 SV=4","GLVLIAFSQYLQQCPFDEHVKLVNELTEFAK",45,75,31,1,"pepVet"
"sp|P02769|ALBU_BOVIN Albumin OS=Bos taurus OX=9913 GN=ALB PE=1 SV=4","LVNELTEFAK",66,75,10,0,"pepVet"
"sp|P02769|ALBU_BOVIN Albumin OS=Bos taurus OX=9913 GN=ALB PE=1 SV=4","LVNELTEFAKTCVADESHAGCEK",66,88,23,1,"pepVet"
"sp|P02769|ALBU_BOVIN Albumin OS=Bos taurus OX=9913 GN=ALB PE=1 SV=4","TCVADESHAGCEK",76,88,13,0,"pepVet"
"sp|P02769|ALBU_BOVIN Albumin OS=Bos taurus OX=9913 GN=ALB PE=1 SV=4","TCVADESHAGCEKSLHTLFGDELCK",76,100,25,1,"pepVet"
"sp|P02769|ALBU_BOVIN Albumin OS=Bos taurus OX=9913 GN=ALB PE=1 SV=4","SLHTLFGDELCK",89,100,12,0,"pepVet"
"sp|P02769|ALBU_BOVIN Albumin OS=Bos taurus OX=9913 GN=ALB PE=1 SV=4","SLHTLFGDELCKVASLR",89,105,17,1,"pepVet"
"sp|P02769|ALBU_BOVIN Albumin OS=Bos taurus OX=9913 GN=ALB PE=1 SV=4","VASLR",101,105,5,0,"pepVet"
"sp|P02769|ALBU_BOVIN Albumin OS=Bos taurus OX=9913 GN=ALB PE=1 SV=4","VASLRETYGDMADCCEK",101,117,17,1,"pepVet"
"sp|P02769|ALBU_BOVIN Albumin OS=Bos taurus OX=9913 GN=ALB PE=1 SV=4","ETYGDMADCCEK",106,117,12,0,"pepVet"
"sp|P02769|ALBU_BOVIN Albumin OS=Bos taurus OX=9913 GN=ALB PE=1 SV=4","ETYGDMADCCEKQEPER",106,122,17,1,"pepVet"
"sp|P02769|ALBU_BOVIN Albumin OS=Bos taurus OX=9913 GN=ALB PE=1 SV=4","QEPER",118,122,5,0,"pepVet"
"sp|P02769|ALBU_BOVIN Albumin OS=Bos taurus OX=9913 GN=ALB PE=1 SV=4","QEPERNECFLSHK",118,130,13,1,"pepVet"
"sp|P02769|ALBU_BOVIN Albumin OS=Bos taurus OX=9913 GN=ALB PE=1 SV=4","NECFLSHK",123,130,8,0,"pepVet"
"sp|P02769|ALBU_BOVIN Albumin OS=Bos taurus OX=9913 GN=ALB PE=1 SV=4","NECFLSHKDDSPDLPK",123,138,16,1,"pepVet"
"sp|P02769|ALBU_BOVIN Albumin OS=Bos taurus OX=9913 GN=ALB PE=1 SV=4","DDSPDLPK",131,138,8,0,"pepVet"
"sp|P02769|ALBU_BOVIN Albumin OS=Bos taurus OX=9913 GN=ALB PE=1 SV=4","DDSPDLPKLKPDPNTLCDEFK",131,151,21,1,"pepVet"
"sp|P02769|ALBU_BOVIN Albumin OS=Bos taurus OX=9913 GN=ALB PE=1 SV=4","LKPDPNTLCDEFK",139,151,13,0,"pepVet"
"sp|P02769|ALBU_BOVIN Albumin OS=Bos taurus OX=9913 GN=ALB PE=1 SV=4","LKPDPNTLCDEFKADEK",139,155,17,1,"pepVet"
"sp|P02769|ALBU_BOVIN Albumin OS=Bos taurus OX=9913 GN=ALB PE=1 SV=4","ADEK",152,155,4,0,"pepVet"
"sp|P02769|ALBU_BOVIN Albumin OS=Bos taurus OX=9913 GN=ALB PE=1 SV=4","ADEKK",152,156,5,1,"pepVet"
"sp|P02769|ALBU_BOVIN Albumin OS=Bos taurus OX=9913 GN=ALB PE=1 SV=4","K",156,156,1,0,"pepVet"
"sp|P02769|ALBU_BOVIN Albumin OS=Bos taurus OX=9913 GN=ALB PE=1 SV=4","KFWGK",156,160,5,1,"pepVet"
"sp|P02769|ALBU_BOVIN Albumin OS=Bos taurus OX=9913 GN=ALB PE=1 SV=4","FWGK",157,160,4,0,"pepVet"
"sp|P02769|ALBU_BOVIN Albumin OS=Bos taurus OX=9913 GN=ALB PE=1 SV=4","FWGKYLYEIAR",157,167,11,1,"pepVet"
"sp|P02769|ALBU_BOVIN Albumin OS=Bos taurus OX=9913 GN=ALB PE=1 SV=4","YLYEIAR",161,167,7,0,"pepVet"
"sp|P02769|ALBU_BOVIN Albumin OS=Bos taurus OX=9913 GN=ALB PE=1 SV=4","YLYEIARRHPYFYAPELLYYANK",161,183,23,1,"pepVet"
"sp|P02769|ALBU_BOVIN Albumin OS=Bos taurus OX=9913 GN=ALB PE=1 SV=4","RHPYFYAPELLYYANK",168,183,16,0,"pepVet"
"sp|P02769|ALBU_BOVIN Albumin OS=Bos taurus OX=9913 GN=ALB PE=1 SV=4","RHPYFYAPELLYYANKYNGVFQECCQAEDK",168,197,30,1,"pepVet"
"sp|P02769|ALBU_BOVIN Albumin OS=Bos taurus OX=9913 GN=ALB PE=1 SV=4","YNGVFQECCQAEDK",184,197,14,0,"pepVet"
"sp|P02769|ALBU_BOVIN Albumin OS=Bos taurus OX=9913 GN=ALB PE=1 SV=4","YNGVFQECCQAEDKGACLLPK",184,204,21,1,"pepVet"
"sp|P02769|ALBU_BOVIN Albumin OS=Bos taurus OX=9913 GN=ALB PE=1 SV=4","GACLLPK",198,204,7,0,"pepVet"
"sp|P02769|ALBU_BOVIN Albumin OS=Bos taurus OX=9913 GN=ALB PE=1 SV=4","GACLLPKIETMR",198,209,12,1,"pepVet"
"sp|P02769|ALBU_BOVIN Albumin OS=Bos taurus OX=9913 GN=ALB PE=1 SV=4","IETMR",205,209,5,0,"pepVet"
"sp|P02769|ALBU_BOVIN Albumin OS=Bos taurus OX=9913 GN=ALB PE=1 SV=4","IETMREK",205,211,7,1,"pepVet"
"sp|P02769|ALBU_BOVIN Albumin OS=Bos taurus OX=9913 GN=ALB PE=1 SV=4","EK",210,211,2,0,"pepVet"
"sp|P02769|ALBU_BOVIN Albumin OS=Bos taurus OX=9913 GN=ALB PE=1 SV=4","EKVLASSAR",210,218,9,1,"pepVet"
"sp|P02769|ALBU_BOVIN Albumin OS=Bos taurus OX=9913 GN=ALB PE=1 SV=4","VLASSAR",212,218,7,0,"pepVet"
"sp|P02769|ALBU_BOVIN Albumin OS=Bos taurus OX=9913 GN=ALB PE=1 SV=4","VLASSARQR",212,220,9,1,"pepVet"
"sp|P02769|ALBU_BOVIN Albumin OS=Bos taurus OX=9913 GN=ALB PE=1 SV=4","QR",219,220,2,0,"pepVet"
"sp|P02769|ALBU_BOVIN Albumin OS=Bos taurus OX=9913 GN=ALB PE=1 SV=4","QRLR",219,222,4,1,"pepVet"
"sp|P02769|ALBU_BOVIN Albumin OS=Bos taurus OX=9913 GN=ALB PE=1 SV=4","LR",221,222,2,0,"pepVet"
"sp|P02769|ALBU_BOVIN Albumin OS=Bos taurus OX=9913 GN=ALB PE=1 SV=4","LRCASIQK",221,228,8,1,"pepVet"
"sp|P02769|ALBU_BOVIN Albumin OS=Bos taurus OX=9913 GN=ALB PE=1 SV=4","CASIQK",223,228,6,0,"pepVet"
"sp|P02769|ALBU_BOVIN Albumin OS=Bos taurus OX=9913 GN=ALB PE=1 SV=4","CASIQKFGER",223,232,10,1,"pepVet"
"sp|P02769|ALBU_BOVIN Albumin OS=Bos taurus OX=9913 GN=ALB PE=1 SV=4","FGER",229,232,4,0,"pepVet"
"sp|P02769|ALBU_BOVIN Albumin OS=Bos taurus OX=9913 GN=ALB PE=1 SV=4","FGERALK",229,235,7,1,"pepVet"
"sp|P02769|ALBU_BOVIN Albumin OS=Bos taurus OX=9913 GN=ALB PE=1 SV=4","ALK",233,235,3,0,"pepVet"
"sp|P02769|ALBU_BOVIN Albumin OS=Bos taurus OX=9913 GN=ALB PE=1 SV=4","ALKAWSVAR",233,241,9,1,"pepVet"
"sp|P02769|ALBU_BOVIN Albumin OS=Bos taurus OX=9913 GN=ALB PE=1 SV=4","AWSVAR",236,241,6,0,"pepVet"
"sp|P02769|ALBU_BOVIN Albumin OS=Bos taurus OX=9913 GN=ALB PE=1 SV=4","AWSVARLSQK",236,245,10,1,"pepVet"
"sp|P02769|ALBU_BOVIN Albumin OS=Bos taurus OX=9913 GN=ALB PE=1 SV=4","LSQK",242,245,4,0,"pepVet"
"sp|P02769|ALBU_BOVIN Albumin OS=Bos taurus OX=9913 GN=ALB PE=1 SV=4","LSQKFPK",242,248,7,1,"pepVet"
"sp|P02769|ALBU_BOVIN Albumin OS=Bos taurus OX=9913 GN=ALB PE=1 SV=4","FPK",246,248,3,0,"pepVet"
"sp|P02769|ALBU_BOVIN Albumin OS=Bos taurus OX=9913 GN=ALB PE=1 SV=4","FPKAEFVEVTK",246,256,11,1,"pepVet"
"sp|P02769|ALBU_BOVIN Albumin OS=Bos taurus OX=9913 GN=ALB PE=1 SV=4","AEFVEVTK",249,256,8,0,"pepVet"
"sp|P02769|ALBU_BOVIN Albumin OS=Bos taurus OX=9913 GN=ALB PE=1 SV=4","AEFVEVTKLVTDLTK",249,263,15,1,"pepVet"
"sp|P02769|ALBU_BOVIN Albumin OS=Bos taurus OX=9913 GN=ALB PE=1 SV=4","LVTDLTK",257,263,7,0,"pepVet"
"sp|P02769|ALBU_BOVIN Albumin OS=Bos taurus OX=9913 GN=ALB PE=1 SV=4","LVTDLTKVHK",257,266,10,1,"pepVet"
"sp|P02769|ALBU_BOVIN Albumin OS=Bos taurus OX=9913 GN=ALB PE=1 SV=4","VHK",264,266,3,0,"pepVet"
"sp|P02769|ALBU_BOVIN Albumin OS=Bos taurus OX=9913 GN=ALB PE=1 SV=4","VHKECCHGDLLECADDR",264,280,17,1,"pepVet"
"sp|P02769|ALBU_BOVIN Albumin OS=Bos taurus OX=9913 GN=ALB PE=1 SV=4","ECCHGDLLECADDR",267,280,14,0,"pepVet"
"sp|P02769|ALBU_BOVIN Albumin OS=Bos taurus OX=9913 GN=ALB PE=1 SV=4","ECCHGDLLECADDRADLAK",267,285,19,1,"pepVet"
"sp|P02769|ALBU_BOVIN Albumin OS=Bos taurus OX=9913 GN=ALB PE=1 SV=4","ADLAK",281,285,5,0,"pepVet"
"sp|P02769|ALBU_BOVIN Albumin OS=Bos taurus OX=9913 GN=ALB PE=1 SV=4","ADLAKYICDNQDTISSK",281,297,17,1,"pepVet"
"sp|P02769|ALBU_BOVIN Albumin OS=Bos taurus OX=9913 GN=ALB PE=1 SV=4","YICDNQDTISSK",286,297,12,0,"pepVet"
"sp|P02769|ALBU_BOVIN Albumin OS=Bos taurus OX=9913 GN=ALB PE=1 SV=4","YICDNQDTISSKLK",286,299,14,1,"pepVet"
"sp|P02769|ALBU_BOVIN Albumin OS=Bos taurus OX=9913 GN=ALB PE=1 SV=4","LK",298,299,2,0,"pepVet"
"sp|P02769|ALBU_BOVIN Albumin OS=Bos taurus OX=9913 GN=ALB PE=1 SV=4","LKECCDKPLLEK",298,309,12,1,"pepVet"
"sp|P02769|ALBU_BOVIN Albumin OS=Bos taurus OX=9913 GN=ALB PE=1 SV=4","ECCDKPLLEK",300,309,10,0,"pepVet"
"sp|P02769|ALBU_BOVIN Albumin OS=Bos taurus OX=9913 GN=ALB PE=1 SV=4","ECCDKPLLEKSHCIAEVEK",300,318,19,1,"pepVet"
"sp|P02769|ALBU_BOVIN Albumin OS=Bos taurus OX=9913 GN=ALB PE=1 SV=4","SHCIAEVEK",310,318,9,0,"pepVet"
"sp|P02769|ALBU_BOVIN Albumin OS=Bos taurus OX=9913 GN=ALB PE=1 SV=4","SHCIAEVEKDAIPENLPPLTADFAEDKDVCK",310,340,31,1,"pepVet"
"sp|P02769|ALBU_BOVIN Albumin OS=Bos taurus OX=9913 GN=ALB PE=1 SV=4","DAIPENLPPLTADFAEDKDVCK",319,340,22,0,"pepVet"
"sp|P02769|ALBU_BOVIN Albumin OS=Bos taurus OX=9913 GN=ALB PE=1 SV=4","DAIPENLPPLTADFAEDKDVCKNYQEAK",319,346,28,1,"pepVet"
"sp|P02769|ALBU_BOVIN Albumin OS=Bos taurus OX=9913 GN=ALB PE=1 SV=4","NYQEAK",341,346,6,0,"pepVet"
"sp|P02769|ALBU_BOVIN Albumin OS=Bos taurus OX=9913 GN=ALB PE=1 SV=4","NYQEAKDAFLGSFLYEYSR",341,359,19,1,"pepVet"
"sp|P02769|ALBU_BOVIN Albumin OS=Bos taurus OX=9913 GN=ALB PE=1 SV=4","DAFLGSFLYEYSR",347,359,13,0,"pepVet"
"sp|P02769|ALBU_BOVIN Albumin OS=Bos taurus OX=9913 GN=ALB PE=1 SV=4","DAFLGSFLYEYSRRHPEYAVSVLLR",347,371,25,1,"pepVet"
"sp|P02769|ALBU_BOVIN Albumin OS=Bos taurus OX=9913 GN=ALB PE=1 SV=4","RHPEYAVSVLLR",360,371,12,0,"pepVet"
"sp|P02769|ALBU_BOVIN Albumin OS=Bos taurus OX=9913 GN=ALB PE=1 SV=4","RHPEYAVSVLLRLAK",360,374,15,1,"pepVet"
"sp|P02769|ALBU_BOVIN Albumin OS=Bos taurus OX=9913 GN=ALB PE=1 SV=4","LAK",372,374,3,0,"pepVet"
"sp|P02769|ALBU_BOVIN Albumin OS=Bos taurus OX=9913 GN=ALB PE=1 SV=4","LAKEYEATLEECCAK",372,386,15,1,"pepVet"
"sp|P02769|ALBU_BOVIN Albumin OS=Bos taurus OX=9913 GN=ALB PE=1 SV=4","EYEATLEECCAK",375,386,12,0,"pepVet"
"sp|P02769|ALBU_BOVIN Albumin OS=Bos taurus OX=9913 GN=ALB PE=1 SV=4","EYEATLEECCAKDDPHACYSTVFDK",375,399,25,1,"pepVet"
"sp|P02769|ALBU_BOVIN Albumin OS=Bos taurus OX=9913 GN=ALB PE=1 SV=4","DDPHACYSTVFDK",387,399,13,0,"pepVet"
"sp|P02769|ALBU_BOVIN Albumin OS=Bos taurus OX=9913 GN=ALB PE=1 SV=4","DDPHACYSTVFDKLK",387,401,15,1,"pepVet"
"sp|P02769|ALBU_BOVIN Albumin OS=Bos taurus OX=9913 GN=ALB PE=1 SV=4","LK",400,401,2,0,"pepVet"
"sp|P02769|ALBU_BOVIN Albumin OS=Bos taurus OX=9913 GN=ALB PE=1 SV=4","LKHLVDEPQNLIK",400,412,13,1,"pepVet"
"sp|P02769|ALBU_BOVIN Albumin OS=Bos taurus OX=9913 GN=ALB PE=1 SV=4","HLVDEPQNLIK",402,412,11,0,"pepVet"
"sp|P02769|ALBU_BOVIN Albumin OS=Bos taurus OX=9913 GN=ALB PE=1 SV=4","HLVDEPQNLIKQNCDQFEK",402,420,19,1,"pepVet"
"sp|P02769|ALBU_BOVIN Albumin OS=Bos taurus OX=9913 GN=ALB PE=1 SV=4","QNCDQFEK",413,420,8,0,"pepVet"
"sp|P02769|ALBU_BOVIN Albumin OS=Bos taurus OX=9913 GN=ALB PE=1 SV=4","QNCDQFEKLGEYGFQNALIVR",413,433,21,1,"pepVet"
"sp|P02769|ALBU_BOVIN Albumin OS=Bos taurus OX=9913 GN=ALB PE=1 SV=4","LGEYGFQNALIVR",421,433,13,0,"pepVet"
"sp|P02769|ALBU_BOVIN Albumin OS=Bos taurus OX=9913 GN=ALB PE=1 SV=4","LGEYGFQNALIVRYTR",421,436,16,1,"pepVet"
"sp|P02769|ALBU_BOVIN Albumin OS=Bos taurus OX=9913 GN=ALB PE=1 SV=4","YTR",434,436,3,0,"pepVet"
"sp|P02769|ALBU_BOVIN Albumin OS=Bos taurus OX=9913 GN=ALB PE=1 SV=4","YTRK",434,437,4,1,"pepVet"
"sp|P02769|ALBU_BOVIN Albumin OS=Bos taurus OX=9913 GN=ALB PE=1 SV=4","K",437,437,1,0,"pepVet"
"sp|P02769|ALBU_BOVIN Albumin OS=Bos taurus OX=9913 GN=ALB PE=1 SV=4","KVPQVSTPTLVEVSR",437,451,15,1,"pepVet"
"sp|P02769|ALBU_BOVIN Albumin OS=Bos taurus OX=9913 GN=ALB PE=1 SV=4","VPQVSTPTLVEVSR",438,451,14,0,"pepVet"
"sp|P02769|ALBU_BOVIN Albumin OS=Bos taurus OX=9913 GN=ALB PE=1 SV=4","VPQVSTPTLVEVSRSLGK",438,455,18,1,"pepVet"
"sp|P02769|ALBU_BOVIN Albumin OS=Bos taurus OX=9913 GN=ALB PE=1 SV=4","SLGK",452,455,4,0,"pepVet"
"sp|P02769|ALBU_BOVIN Albumin OS=Bos taurus OX=9913 GN=ALB PE=1 SV=4","SLGKVGTR",452,459,8,1,"pepVet"
"sp|P02769|ALBU_BOVIN Albumin OS=Bos taurus OX=9913 GN=ALB PE=1 SV=4","VGTR",456,459,4,0,"pepVet"
"sp|P02769|ALBU_BOVIN Albumin OS=Bos taurus OX=9913 GN=ALB PE=1 SV=4","VGTRCCTKPESER",456,468,13,1,"pepVet"
"sp|P02769|ALBU_BOVIN Albumin OS=Bos taurus OX=9913 GN=ALB PE=1 SV=4","CCTKPESER",460,468,9,0,"pepVet"
"sp|P02769|ALBU_BOVIN Albumin OS=Bos taurus OX=9913 GN=ALB PE=1 SV=4","CCTKPESERMPCTEDYLSLILNR",460,482,23,1,"pepVet"
"sp|P02769|ALBU_BOVIN Albumin OS=Bos taurus OX=9913 GN=ALB PE=1 SV=4","MPCTEDYLSLILNR",469,482,14,0,"pepVet"
"sp|P02769|ALBU_BOVIN Albumin OS=Bos taurus OX=9913 GN=ALB PE=1 SV=4","MPCTEDYLSLILNRLCVLHEK",469,489,21,1,"pepVet"
"sp|P02769|ALBU_BOVIN Albumin OS=Bos taurus OX=9913 GN=ALB PE=1 SV=4","LCVLHEK",483,489,7,0,"pepVet"
"sp|P02769|ALBU_BOVIN Albumin OS=Bos taurus OX=9913 GN=ALB PE=1 SV=4","LCVLHEKTPVSEK",483,495,13,1,"pepVet"
"sp|P02769|ALBU_BOVIN Albumin OS=Bos taurus OX=9913 GN=ALB PE=1 SV=4","TPVSEK",490,495,6,0,"pepVet"
"sp|P02769|ALBU_BOVIN Albumin OS=Bos taurus OX=9913 GN=ALB PE=1 SV=4","TPVSEKVTK",490,498,9,1,"pepVet"
"sp|P02769|ALBU_BOVIN Albumin OS=Bos taurus OX=9913 GN=ALB PE=1 SV=4","VTK",496,498,3,0,"pepVet"
"sp|P02769|ALBU_BOVIN Albumin OS=Bos taurus OX=9913 GN=ALB PE=1 SV=4","VTKCCTESLVNR",496,507,12,1,"pepVet"
"sp|P02769|ALBU_BOVIN Albumin OS=Bos taurus OX=9913 GN=ALB PE=1 SV=4","CCTESLVNR",499,507,9,0,"pepVet"
"sp|P02769|ALBU_BOVIN Albumin OS=Bos taurus OX=9913 GN=ALB PE=1 SV=4","CCTESLVNRRPCFSALTPDETYVPK",499,523,25,1,"pepVet"
"sp|P02769|ALBU_BOVIN Albumin OS=Bos taurus OX=9913 GN=ALB PE=1 SV=4","RPCFSALTPDETYVPK",508,523,16,0,"pepVet"
"sp|P02769|ALBU_BOVIN Albumin OS=Bos taurus OX=9913 GN=ALB PE=1 SV=4","RPCFSALTPDETYVPKAFDEK",508,528,21,1,"pepVet"
"sp|P02769|ALBU_BOVIN Albumin OS=Bos taurus OX=9913 GN=ALB PE=1 SV=4","AFDEK",524,528,5,0,"pepVet"
"sp|P02769|ALBU_BOVIN Albumin OS=Bos taurus OX=9913 GN=ALB PE=1 SV=4","AFDEKLFTFHADICTLPDTEK",524,544,21,1,"pepVet"
"sp|P02769|ALBU_BOVIN Albumin OS=Bos taurus OX=9913 GN=ALB PE=1 SV=4","LFTFHADICTLPDTEK",529,544,16,0,"pepVet"
"sp|P02769|ALBU_BOVIN Albumin OS=Bos taurus OX=9913 GN=ALB PE=1 SV=4","LFTFHADICTLPDTEKQIK",529,547,19,1,"pepVet"
"sp|P02769|ALBU_BOVIN Albumin OS=Bos taurus OX=9913 GN=ALB PE=1 SV=4","QIK",545,547,3,0,"pepVet"
"sp|P02769|ALBU_BOVIN Albumin OS=Bos taurus OX=9913 GN=ALB PE=1 SV=4","QIKK",545,548,4,1,"pepVet"
"sp|P02769|ALBU_BOVIN Albumin OS=Bos taurus OX=9913 GN=ALB PE=1 SV=4","K",548,548,1,0,"pepVet"
"sp|P02769|ALBU_BOVIN Albumin OS=Bos taurus OX=9913 GN=ALB PE=1 SV=4","KQTALVELLK",548,557,10,1,"pepVet"
"sp|P02769|ALBU_BOVIN Albumin OS=Bos taurus OX=9913 GN=ALB PE=1 SV=4","QTALVELLK",549,557,9,0,"pepVet"
"sp|P02769|ALBU_BOVIN Albumin OS=Bos taurus OX=9913 GN=ALB PE=1 SV=4","QTALVELLKHKPK",549,561,13,1,"pepVet"
"sp|P02769|ALBU_BOVIN Albumin OS=Bos taurus OX=9913 GN=ALB PE=1 SV=4","HKPK",558,561,4,0,"pepVet"
"sp|P02769|ALBU_BOVIN Albumin OS=Bos taurus OX=9913 GN=ALB PE=1 SV=4","HKPKATEEQLK",558,568,11,1,"pepVet"
"sp|P02769|ALBU_BOVIN Albumin OS=Bos taurus OX=9913 GN=ALB PE=1 SV=4","ATEEQLK",562,568,7,0,"pepVet"
"sp|P02769|ALBU_BOVIN Albumin OS=Bos taurus OX=9913 GN=ALB PE=1 SV=4","ATEEQLKTVMENFVAFVDK",562,580,19,1,"pepVet"
"sp|P02769|ALBU_BOVIN Albumin OS=Bos taurus OX=9913 GN=ALB PE=1 SV=4","TVMENFVAFVDK",569,580,12,0,"pepVet"
"sp|P02769|ALBU_BOVIN Albumin OS=Bos taurus OX=9913 GN=ALB PE=1 SV=4","TVMENFVAFVDKCCAADDK",569,587,19,1,"pepVet"
"sp|P02769|ALBU_BOVIN Albumin OS=Bos taurus OX=9913 GN=ALB PE=1 SV=4","CCAADDK",581,587,7,0,"pepVet"
"sp|P02769|ALBU_BOVIN Albumin OS=Bos taurus OX=9913 GN=ALB PE=1 SV=4","CCAADDKEACFAVEGPK",581,597,17,1,"pepVet"
"sp|P02769|ALBU_BOVIN Albumin OS=Bos taurus OX=9913 GN=ALB PE=1 SV=4","EACFAVEGPK",588,597,10,0,"pepVet"
"sp|P02769|ALBU_BOVIN Albumin OS=Bos taurus OX=9913 GN=ALB PE=1 SV=4","EACFAVEGPKLVVSTQTALA",588,607,20,1,"pepVet"
"sp|P02769|ALBU_BOVIN Albumin OS=Bos taurus OX=9913 GN=ALB PE=1 SV=4","LVVSTQTALA",598,607,10,0,"pepVet"
