"mass","start","end","missed_cleavages","modifications","peptide","length","tool"
3579.8555,45,75,1,": 58  3476.8463","GLVLIAFSQYLQQCPFDEHVKLVNELTEFAK",31,"PeptideMass"
3503.5711,169,197,1,": 191, 192  3297.5527","HPYFYAPELLYYANKYNGVFQECCQAEDK",29,"PeptideMass"
3390.6826,37,65,1,": 58  3287.6735","DLGEEHFKGLVLIAFSQYLQQCPFDEHVK",29,"PeptideMass"
2952.4294,310,336,1,": 312  2849.4203","SHCIAEVEKDAIPENLPPLTADFAEDK",27,"PeptideMass"
2867.1844,375,399,1,": 383, 384, 392  2558.1569","EYEATLEECCAKDDPHACYSTVFDK",25,"PeptideMass"
2829.3368,499,523,1,": 499, 500, 510  2520.3092","CCTESLVNRRPCFSALTPDETYVPK",25,"PeptideMass"
2701.2452,460,482,1,": 460, 461, 471  2392.2176","CCTKPESERMPCTEDYLSLILNR",23,"PeptideMass"
2693.2003,76,100,1,": 77, 86, 99  2384.1728","TCVADESHAGCEKSLHTLFGDELCK",25,"PeptideMass"
2494.1588,66,88,1,": 77, 86  2288.1404","LVNELTEFAKTCVADESHAGCEK",23,"PeptideMass"
2490.2553,469,489,1,": 471, 484  2284.2369","MPCTEDYLSLILNRLCVLHEK",21,"PeptideMass"
2472.1976,413,433,1,": 415  2369.1884","QNCDQFEKLGEYGFQNALIVR",21,"PeptideMass"
2441.1693,524,544,1,": 537  2338.1601","AFDEKLFTFHADICTLPDTEK",21,"PeptideMass"
2435.2427,45,65,0,": 58  2332.2335","GLVLIAFSQYLQQCPFDEHVK",21,"PeptideMass"
2414.1696,508,528,1,": 510  2311.1604","RPCFSALTPDETYVPKAFDEK",21,"PeptideMass"
2401.1591,319,340,1,": 339  2298.1499","DAIPENLPPLTADFAEDKDVCK",22,"PeptideMass"
2387.1435,131,151,1,": 147  2284.1343","DDSPDLPKLKPDPNTLCDEFK",21,"PeptideMass"
2316.0457,184,204,1,": 191, 192, 200  2007.0181","YNGVFQECCQAEDKGACLLPK",21,"PeptideMass"
2301.0822,341,359,1,,"NYQEAKDAFLGSFLYEYSR",19,"PeptideMass"
2298.1183,402,420,1,": 415  2195.1091","HLVDEPQNLIKQNCDQFEK",19,"PeptideMass"
2220.1369,529,547,1,": 537  2117.1277","LFTFHADICTLPDTEKQIK",19,"PeptideMass"
2199.1001,562,580,1,,"ATEEQLKTVMENFVAFVDK",19,"PeptideMass"
2174.029,300,318,1,": 301, 302, 312  1865.0014","ECCDKPLLEKSHCIAEVEK",19,"PeptideMass"
2105.934,569,587,1,": 581, 582  1899.9156","TVMENFVAFVDKCCAADDK",19,"PeptideMass"
2076.8783,267,285,1,": 268, 269, 276  1767.8507","ECCHGDLLECADDRADLAK",19,"PeptideMass"
2045.0279,168,183,1,,"RHPYFYAPELLYYANK",16,"PeptideMass"
2034.0575,588,607,1,": 590  1931.0484","EACFAVEGPKLVVSTQTALA",20,"PeptideMass"
2003.7779,106,122,1,": 114, 115  1797.7595","ETYGDMADCCEKQEPER",17,"PeptideMass"
1962.9477,139,155,1,": 147  1859.9385","LKPDPNTLCDEFKADEK",17,"PeptideMass"
1955.9596,319,336,0,,"DAIPENLPPLTADFAEDK",18,"PeptideMass"
1942.8204,264,280,1,": 268, 269, 276  1633.7928","VHKECCHGDLLECADDR",17,"PeptideMass"
1900.0075,421,436,1,,"LGEYGFQNALIVRYTR",16,"PeptideMass"
1897.0753,438,455,1,,"VPQVSTPTLVEVSRSLGK",18,"PeptideMass"
1890.803,101,117,1,": 114, 115  1684.7846","VASLRETYGDMADCCEK",17,"PeptideMass"
1888.9949,89,105,1,": 99  1785.9857","SLHTLFGDELCKVASLR",17,"PeptideMass"
1888.9268,169,183,0,,"HPYFYAPELLYYANK",15,"PeptideMass"
1884.9007,281,297,1,": 288  1781.8915","ADLAKYICDNQDTISSK",17,"PeptideMass"
1850.8993,529,544,0,": 537  1747.8901","LFTFHADICTLPDTEK",16,"PeptideMass"
1844.8483,123,138,1,": 125  1741.8391","NECFLSHKDDSPDLPK",16,"PeptideMass"
1823.8996,508,523,0,": 510  1720.8904","RPCFSALTPDETYVPK",16,"PeptideMass"
1756.7339,581,597,1,": 581, 582, 590  1447.7063","CCAADDKEACFAVEGPK",17,"PeptideMass"
1738.8105,387,401,1,": 392  1635.8013","DDPHACYSTVFDKLK",15,"PeptideMass"
1723.8438,347,360,1,,"DAFLGSFLYEYSRR",14,"PeptideMass"
1700.7869,372,386,1,": 383, 384  1494.7686","LAKEYEATLEECCAK",15,"PeptideMass"
1692.9418,249,263,1,,"AEFVEVTKLVTDLTK",15,"PeptideMass"
1667.8131,469,482,0,": 471  1564.8039","MPCTEDYLSLILNR",14,"PeptideMass"
1639.9377,437,451,1,,"KVPQVSTPTLVEVSR",15,"PeptideMass"
1633.6621,184,197,0,": 191, 192  1427.6437","YNGVFQECCQAEDK",14,"PeptideMass"
1627.7996,286,299,1,": 288  1524.7904","YICDNQDTISSKLK",14,"PeptideMass"
1616.7485,118,130,1,": 125  1513.7393","QEPERNECFLSHK",13,"PeptideMass"
1595.9267,361,374,1,,"HPEYAVSVLLRLAK",14,"PeptideMass"
1578.5981,267,280,0,": 268, 269, 276  1269.5705","ECCHGDLLECADDR",14,"PeptideMass"
1567.7427,347,359,0,,"DAFLGSFLYEYSR",13,"PeptideMass"
1546.8951,400,412,1,,"LKHLVDEPQNLIK",13,"PeptideMass"
1519.7461,139,151,0,": 147  1416.7369","LKPDPNTLCDEFK",13,"PeptideMass"
1511.8427,438,451,0,,"VPQVSTPTLVEVSR",14,"PeptideMass"
1504.9209,549,561,1,,"QTALVELLKHKPK",13,"PeptideMass"
1497.6314,387,399,0,": 392  1394.6222","DDPHACYSTVFDK",13,"PeptideMass"
1482.7984,483,495,1,": 484  1379.7892","LCVLHEKTPVSEK",13,"PeptideMass"
1479.7954,421,433,0,,"LGEYGFQNALIVR",13,"PeptideMass"
1465.6886,456,468,1,": 460, 461  1259.6702","VGTRCCTKPESER",13,"PeptideMass"
1445.7576,157,167,1,,"FWGKYLYEIAR",11,"PeptideMass"
1439.8117,360,371,1,,"RHPEYAVSVLLR",12,"PeptideMass"
1418.7381,298,309,1,": 301, 302  1212.7198","LKECCDKPLLEK",12,"PeptideMass"
1399.6926,569,580,0,,"TVMENFVAFVDK",12,"PeptideMass"
1388.5708,375,386,0,": 383, 384  1182.5524","EYEATLEECCAK",12,"PeptideMass"
1386.6206,286,297,0,": 288  1283.6114","YICDNQDTISSK",12,"PeptideMass"
1364.4803,106,117,0,": 114, 115  1158.4619","ETYGDMADCCEK",12,"PeptideMass"
1362.6722,89,100,0,": 99  1259.6630","SLHTLFGDELCK",12,"PeptideMass"
1352.6661,496,507,1,": 499, 500  1146.6477","VTKCCTESLVNR",12,"PeptideMass"
1349.546,76,88,0,": 77, 86  1143.5276","TCVADESHAGCEK",13,"PeptideMass"
1331.7174,198,209,1,": 200  1228.7082","GACLLPKIETMR",12,"PeptideMass"
1308.727,558,568,1,,"HKPKATEEQLK",11,"PeptideMass"
1305.7161,402,412,0,,"HLVDEPQNLIK",11,"PeptideMass"
1294.7041,246,256,1,,"FPKAEFVEVTK",11,"PeptideMass"
1283.7106,361,371,0,,"HPEYAVSVLLR",11,"PeptideMass"
1249.6211,35,44,1,,"FKDLGEEHFK",10,"PeptideMass"
1197.5568,337,346,1,": 339  1094.5476","DVCKNYQEAK",10,"PeptideMass"
1193.6021,25,34,1,,"DTHKSEIAHR",10,"PeptideMass"
1177.5591,300,309,0,": 301, 302   971.5407","ECCDKPLLEK",10,"PeptideMass"
1163.6306,66,75,0,,"LVNELTEFAK",10,"PeptideMass"
1153.6939,257,266,1,,"LVTDLTKVHK",10,"PeptideMass"
1145.6425,236,245,1,,"AWSVARLSQK",10,"PeptideMass"
1142.7143,548,557,1,,"KQTALVELLK",10,"PeptideMass"
1138.5673,223,232,1,": 223  1035.5581","CASIQKFGER",10,"PeptideMass"
1083.5945,161,168,1,,"YLYEIARR",8,"PeptideMass"
1052.4499,460,468,0,": 460, 461   846.4315","CCTKPESER",9,"PeptideMass"
1050.4924,588,597,0,": 590   947.4832","EACFAVEGPK",10,"PeptideMass"
1024.455,499,507,0,": 499, 500   818.4366","CCTESLVNR",9,"PeptideMass"
1015.4877,310,318,0,": 312   912.4785","SHCIAEVEK",9,"PeptideMass"
1014.6193,549,557,0,,"QTALVELLK",9,"PeptideMass"
1011.42,413,420,0,": 415   908.4108","QNCDQFEK",8,"PeptideMass"
1002.583,598,607,0,,"LVVSTQTALA",10,"PeptideMass"
1001.589,233,241,1,,"ALKAWSVAR",9,"PeptideMass"
988.5673,490,498,1,,"TPVSEKVTK",9,"PeptideMass"
987.5694,212,220,1,,"VLASSARQR",9,"PeptideMass"
987.537,29,36,1,,"SEIAHRFK",8,"PeptideMass"
977.4509,123,130,0,": 125   874.4417","NECFLSHK",8,"PeptideMass"
974.4577,37,44,0,,"DLGEEHFK",8,"PeptideMass"
960.5472,210,218,1,,"EKVLASSAR",9,"PeptideMass"
927.4934,161,167,0,,"YLYEIAR",7,"PeptideMass"
922.488,249,256,0,,"AEFVEVTK",8,"PeptideMass"
918.5189,221,228,1,": 223   815.5097","LRCASIQK",8,"PeptideMass"
906.4713,205,211,1,,"IETMREK",7,"PeptideMass"
886.4152,131,138,0,,"DDSPDLPK",8,"PeptideMass"
847.5036,242,248,1,,"LSQKFPK",7,"PeptideMass"
841.46,483,489,0,": 484   738.4508","LCVLHEK",7,"PeptideMass"
820.4675,229,235,1,,"FGERALK",7,"PeptideMass"
818.4254,562,568,0,,"ATEEQLK",7,"PeptideMass"
817.489,452,459,1,,"SLGKVGTR",8,"PeptideMass"
789.4716,257,263,0,,"LVTDLTK",7,"PeptideMass"
752.3573,341,346,0,,"NYQEAK",6,"PeptideMass"
725.2593,581,587,0,": 581, 582   519.2409","CCAADDK",7,"PeptideMass"
712.3736,29,34,0,,"SEIAHR",6,"PeptideMass"
703.4097,212,218,0,,"VLASSAR",7,"PeptideMass"
701.4014,198,204,0,": 200   598.3922","GACLLPK",7,"PeptideMass"
689.3729,236,241,0,,"AWSVAR",6,"PeptideMass"
665.3769,156,160,1,,"KFWGK",5,"PeptideMass"
660.3563,490,495,0,,"TPVSEK",6,"PeptideMass"
658.3155,118,122,0,,"QEPER",5,"PeptideMass"
649.3338,205,209,0,,"IETMR",5,"PeptideMass"
649.3338,223,228,0,": 223   546.3246","CASIQK",6,"PeptideMass"
609.2878,524,528,0,,"AFDEK",5,"PeptideMass"
590.3144,152,156,1,,"ADEKK",5,"PeptideMass"
572.3627,219,222,1,,"QRLR",4,"PeptideMass"
567.3249,434,437,1,,"YTRK",4,"PeptideMass"
545.3405,101,105,0,,"VASLR",5,"PeptideMass"
537.282,157,160,0,,"FWGK",4,"PeptideMass"
517.298,281,285,0,,"ADLAK",5,"PeptideMass"
516.3504,545,548,1,,"QIKK",4,"PeptideMass"
509.3194,558,561,0,,"HKPK",4,"PeptideMass"
508.2514,229,232,0,,"FGER",4,"PeptideMass"
500.2463,25,28,0,,"DTHK",4,"PeptideMass"
475.2875,242,245,0,,"LSQK",4,"PeptideMass"
464.2173,337,340,0,": 339   361.2081","DVCK",4,"PeptideMass"
462.2194,152,155,0,,"ADEK",4,"PeptideMass"
439.2299,434,436,0,,"YTR",3,"PeptideMass"
432.2565,456,459,0,,"VGTR",4,"PeptideMass"
404.2503,452,455,0,,"SLGK",4,"PeptideMass"
391.234,246,248,0,,"FPK",3,"PeptideMass"
388.2554,545,547,0,,"QIK",3,"PeptideMass"
383.2401,264,266,0,,"VHK",3,"PeptideMass"
347.2289,496,498,0,,"VTK",3,"PeptideMass"
331.234,233,235,0,,"ALK",3,"PeptideMass"
331.234,372,374,0,,"LAK",3,"PeptideMass"
303.1775,219,220,0,,"QR",2,"PeptideMass"
294.1812,35,36,0,,"FK",2,"PeptideMass"
288.203,221,222,0,,"LR",2,"PeptideMass"
276.1554,210,211,0,,"EK",2,"PeptideMass"
260.1968,298,299,0,,"LK",2,"PeptideMass"
260.1968,400,401,0,,"LK",2,"PeptideMass"
175.1189,168,168,0,,"R",1,"PeptideMass"
175.1189,360,360,0,,"R",1,"PeptideMass"
147.1128,156,156,0,,"K",1,"PeptideMass"
147.1128,437,437,0,,"K",1,"PeptideMass"
147.1128,548,548,0,,"K",1,"PeptideMass"
