"num","mz_mi","mz_av","modifications","start","end","missed_cleavages","sequence_raw","peptide","length","tool"
1,2131.195,2132.5697,"1Met-loss",1,19,1,"(-)MKWVTFISLLLLFSSAYSR(G)","MKWVTFISLLLLFSSAYSR",19,"MS-Digest"
1,2003.1001,2004.3945,NA,3,19,0,"(K)WVTFISLLLLFSSAYSR(G)","WVTFISLLLLFSSAYSR",17,"MS-Digest"
1,2462.3595,2463.9467,NA,3,23,1,"(K)WVTFISLLLLFSSAYSRGVFR(R)","WVTFISLLLLFSSAYSRGVFR",21,"MS-Digest"
1,634.3784,634.7635,NA,20,24,1,"(R)GVFRR(D)","GVFRR",5,"MS-Digest"
1,656.3474,656.7235,NA,24,28,1,"(R)RDTHK(S)","RDTHK",5,"MS-Digest"
1,1193.6022,1194.3001,NA,25,34,1,"(R)DTHKSEIAHR(F)","DTHKSEIAHR",10,"MS-Digest"
1,712.3737,712.7881,NA,29,34,0,"(K)SEIAHR(F)","SEIAHR",6,"MS-Digest"
1,987.537,988.1411,NA,29,36,1,"(K)SEIAHRFK(D)","SEIAHRFK",8,"MS-Digest"
1,1249.6212,1250.4051,NA,35,44,1,"(R)FKDLGEEHFK(G)","FKDLGEEHFK",10,"MS-Digest"
1,974.4578,975.0521,NA,37,44,0,"(K)DLGEEHFK(G)","DLGEEHFK",8,"MS-Digest"
1,3390.6827,3392.8822,NA,37,65,1,"(K)DLGEEHFKGLVLIAFSQYLQQCPFDEHVK(L)","DLGEEHFKGLVLIAFSQYLQQCPFDEHVK",29,"MS-Digest"
1,2435.2428,2436.8529,NA,45,65,0,"(K)GLVLIAFSQYLQQCPFDEHVK(L)","GLVLIAFSQYLQQCPFDEHVK",21,"MS-Digest"
1,3579.8556,3582.1822,NA,45,75,1,"(K)GLVLIAFSQYLQQCPFDEHVKLVNELTEFAK(T)","GLVLIAFSQYLQQCPFDEHVKLVNELTEFAK",31,"MS-Digest"
1,1163.6307,1164.3521,NA,66,75,0,"(K)LVNELTEFAK(T)","LVNELTEFAK",10,"MS-Digest"
1,2494.1589,2495.8068,NA,66,88,1,"(K)LVNELTEFAKTCVADESHAGCEK(S)","LVNELTEFAKTCVADESHAGCEK",23,"MS-Digest"
1,1349.546,1350.4775,NA,76,88,0,"(K)TCVADESHAGCEK(S)","TCVADESHAGCEK",13,"MS-Digest"
1,2693.2004,2695.0397,NA,76,100,1,"(K)TCVADESHAGCEKSLHTLFGDELCK(V)","TCVADESHAGCEKSLHTLFGDELCK",25,"MS-Digest"
1,1362.6722,1363.5849,NA,89,100,0,"(K)SLHTLFGDELCK(V)","SLHTLFGDELCK",12,"MS-Digest"
1,1888.9949,1890.2254,NA,89,105,1,"(K)SLHTLFGDELCKVASLR(E)","SLHTLFGDELCKVASLR",17,"MS-Digest"
1,545.3406,545.6632,NA,101,105,0,"(K)VASLR(E)","VASLR",5,"MS-Digest"
1,1890.803,1892.1488,NA,101,117,1,"(K)VASLRETYGDMADCCEK(Q)","VASLRETYGDMADCCEK",17,"MS-Digest"
1,1364.4803,1365.5083,NA,106,117,0,"(R)ETYGDMADCCEK(Q)","ETYGDMADCCEK",12,"MS-Digest"
1,2003.778,2005.1783,NA,106,122,1,"(R)ETYGDMADCCEKQEPER(N)","ETYGDMADCCEKQEPER",17,"MS-Digest"
1,641.2889,641.6621,"1Gln->pyro-Glu",118,122,0,"(K)QEPER(N)","QEPER",5,"MS-Digest"
1,1599.722,1600.7607,"1Gln->pyro-Glu",118,130,1,"(K)QEPERNECFLSHK(D)","QEPERNECFLSHK",13,"MS-Digest"
1,977.4509,978.1213,NA,123,130,0,"(R)NECFLSHK(D)","NECFLSHK",8,"MS-Digest"
1,1844.8483,1846.038,NA,123,138,1,"(R)NECFLSHKDDSPDLPK(L)","NECFLSHKDDSPDLPK",16,"MS-Digest"
1,886.4153,886.9394,NA,131,138,0,"(K)DDSPDLPK(L)","DDSPDLPK",8,"MS-Digest"
1,2387.1435,2388.6719,NA,131,151,1,"(K)DDSPDLPKLKPDPNTLCDEFK(A)","DDSPDLPKLKPDPNTLCDEFK",21,"MS-Digest"
1,1519.7461,1520.7552,NA,139,151,0,"(K)LKPDPNTLCDEFK(A)","LKPDPNTLCDEFK",13,"MS-Digest"
1,1962.9477,1964.2151,NA,139,155,1,"(K)LKPDPNTLCDEFKADEK(K)","LKPDPNTLCDEFKADEK",17,"MS-Digest"
1,590.3144,590.6578,NA,152,156,1,"(K)ADEKK(F)","ADEKK",5,"MS-Digest"
1,665.377,665.818,NA,156,160,1,"(K)KFWGK(Y)","KFWGK",5,"MS-Digest"
1,1445.7576,1446.7023,NA,157,167,1,"(K)FWGKYLYEIAR(R)","FWGKYLYEIAR",11,"MS-Digest"
1,927.4934,928.0823,NA,161,167,0,"(K)YLYEIAR(R)","YLYEIAR",7,"MS-Digest"
1,1083.5946,1084.2709,NA,161,168,1,"(K)YLYEIARR(H)","YLYEIARR",8,"MS-Digest"
1,2045.028,2046.3505,NA,168,183,1,"(R)RHPYFYAPELLYYANK(Y)","RHPYFYAPELLYYANK",16,"MS-Digest"
1,1888.9268,1890.1618,NA,169,183,0,"(R)HPYFYAPELLYYANK(Y)","HPYFYAPELLYYANK",15,"MS-Digest"
1,3503.5711,3505.9335,NA,169,197,1,"(R)HPYFYAPELLYYANKYNGVFQECCQAEDK(G)","HPYFYAPELLYYANKYNGVFQECCQAEDK",29,"MS-Digest"
1,1633.6621,1634.7944,NA,184,197,0,"(K)YNGVFQECCQAEDK(G)","YNGVFQECCQAEDK",14,"MS-Digest"
1,2316.0457,2317.6832,NA,184,204,1,"(K)YNGVFQECCQAEDKGACLLPK(I)","YNGVFQECCQAEDKGACLLPK",21,"MS-Digest"
1,701.4015,701.9116,NA,198,204,0,"(K)GACLLPK(I)","GACLLPK",7,"MS-Digest"
1,1331.7174,1332.6804,NA,198,209,1,"(K)GACLLPKIETMR(E)","GACLLPKIETMR",12,"MS-Digest"
1,649.3338,649.7916,NA,205,209,0,"(K)IETMR(E)","IETMR",5,"MS-Digest"
1,906.4713,907.083,NA,205,211,1,"(K)IETMREK(V)","IETMREK",7,"MS-Digest"
1,960.5473,961.1126,NA,210,218,1,"(R)EKVLASSAR(Q)","EKVLASSAR",9,"MS-Digest"
1,703.4097,703.8212,NA,212,218,0,"(K)VLASSAR(Q)","VLASSAR",7,"MS-Digest"
1,987.5694,988.1414,NA,212,220,1,"(K)VLASSARQR(L)","VLASSARQR",9,"MS-Digest"
1,918.5189,919.1407,NA,221,228,1,"(R)LRCASIQK(F)","LRCASIQK",8,"MS-Digest"
1,649.3338,649.7916,NA,223,228,0,"(R)CASIQK(F)","CASIQK",6,"MS-Digest"
1,1138.5674,1139.3265,NA,223,232,1,"(R)CASIQKFGER(A)","CASIQKFGER",10,"MS-Digest"
1,820.4676,820.9726,NA,229,235,1,"(K)FGERALK(A)","FGERALK",7,"MS-Digest"
1,1001.5891,1002.2118,NA,233,241,1,"(R)ALKAWSVAR(L)","ALKAWSVAR",9,"MS-Digest"
1,689.3729,689.7968,NA,236,241,0,"(K)AWSVAR(L)","AWSVAR",6,"MS-Digest"
1,1145.6426,1146.3427,NA,236,245,1,"(K)AWSVARLSQK(F)","AWSVARLSQK",10,"MS-Digest"
1,847.5036,848.0391,NA,242,248,1,"(R)LSQKFPK(A)","LSQKFPK",7,"MS-Digest"
1,1294.7042,1295.5305,NA,246,256,1,"(K)FPKAEFVEVTK(L)","FPKAEFVEVTK",11,"MS-Digest"
1,922.488,923.06,NA,249,256,0,"(K)AEFVEVTK(L)","AEFVEVTK",8,"MS-Digest"
1,1692.9418,1693.9902,NA,249,263,1,"(K)AEFVEVTKLVTDLTK(V)","AEFVEVTKLVTDLTK",15,"MS-Digest"
1,789.4716,789.9529,NA,257,263,0,"(K)LVTDLTK(V)","LVTDLTK",7,"MS-Digest"
1,1153.6939,1154.4035,NA,257,266,1,"(K)LVTDLTKVHK(E)","LVTDLTKVHK",10,"MS-Digest"
1,1942.8204,1944.1874,NA,264,280,1,"(K)VHKECCHGDLLECADDR(A)","VHKECCHGDLLECADDR",17,"MS-Digest"
1,1578.5981,1579.7368,NA,267,280,0,"(K)ECCHGDLLECADDR(A)","ECCHGDLLECADDR",14,"MS-Digest"
1,2076.8783,2078.3202,NA,267,285,1,"(K)ECCHGDLLECADDRADLAK(Y)","ECCHGDLLECADDRADLAK",19,"MS-Digest"
1,517.298,517.6061,NA,281,285,0,"(R)ADLAK(Y)","ADLAK",5,"MS-Digest"
1,1884.9008,1886.1006,NA,281,297,1,"(R)ADLAKYICDNQDTISSK(L)","ADLAKYICDNQDTISSK",17,"MS-Digest"
1,1386.6206,1387.5172,NA,286,297,0,"(K)YICDNQDTISSK(L)","YICDNQDTISSK",12,"MS-Digest"
1,1627.7996,1628.8528,NA,286,299,1,"(K)YICDNQDTISSKLK(E)","YICDNQDTISSKLK",14,"MS-Digest"
1,1418.7382,1419.7561,NA,298,309,1,"(K)LKECCDKPLLEK(S)","LKECCDKPLLEK",12,"MS-Digest"
1,1177.5592,1178.4205,NA,300,309,0,"(K)ECCDKPLLEK(S)","ECCDKPLLEK",10,"MS-Digest"
1,2174.029,2175.5656,NA,300,318,1,"(K)ECCDKPLLEKSHCIAEVEK(D)","ECCDKPLLEKSHCIAEVEK",19,"MS-Digest"
1,1015.4877,1016.1679,NA,310,318,0,"(K)SHCIAEVEK(D)","SHCIAEVEK",9,"MS-Digest"
1,2952.4295,2954.3027,NA,310,336,1,"(K)SHCIAEVEKDAIPENLPPLTADFAEDK(D)","SHCIAEVEKDAIPENLPPLTADFAEDK",27,"MS-Digest"
1,1955.9597,1957.1575,NA,319,336,0,"(K)DAIPENLPPLTADFAEDK(D)","DAIPENLPPLTADFAEDK",18,"MS-Digest"
1,2401.1592,2402.699,NA,319,340,1,"(K)DAIPENLPPLTADFAEDKDVCK(N)","DAIPENLPPLTADFAEDKDVCK",22,"MS-Digest"
1,1197.5568,1198.3481,NA,337,346,1,"(K)DVCKNYQEAK(D)","DVCKNYQEAK",10,"MS-Digest"
1,752.3573,752.8067,NA,341,346,0,"(K)NYQEAK(D)","NYQEAK",6,"MS-Digest"
1,2301.0822,2302.5206,NA,341,359,1,"(K)NYQEAKDAFLGSFLYEYSR(R)","NYQEAKDAFLGSFLYEYSR",19,"MS-Digest"
1,1567.7427,1568.7367,NA,347,359,0,"(K)DAFLGSFLYEYSR(R)","DAFLGSFLYEYSR",13,"MS-Digest"
1,1723.8438,1724.9253,NA,347,360,1,"(K)DAFLGSFLYEYSRR(H)","DAFLGSFLYEYSRR",14,"MS-Digest"
1,1439.8118,1440.6987,NA,360,371,1,"(R)RHPEYAVSVLLR(L)","RHPEYAVSVLLR",12,"MS-Digest"
1,1283.7106,1284.51,NA,361,371,0,"(R)HPEYAVSVLLR(L)","HPEYAVSVLLR",11,"MS-Digest"
1,1595.9268,1596.925,NA,361,374,1,"(R)HPEYAVSVLLRLAK(E)","HPEYAVSVLLRLAK",14,"MS-Digest"
1,1700.787,1701.9671,NA,372,386,1,"(R)LAKEYEATLEECCAK(D)","LAKEYEATLEECCAK",15,"MS-Digest"
1,1388.5708,1389.5521,NA,375,386,0,"(K)EYEATLEECCAK(D)","EYEATLEECCAK",12,"MS-Digest"
1,2867.1845,2869.1501,NA,375,399,1,"(K)EYEATLEECCAKDDPHACYSTVFDK(L)","EYEATLEECCAKDDPHACYSTVFDK",25,"MS-Digest"
1,1497.6315,1498.6207,NA,387,399,0,"(K)DDPHACYSTVFDK(L)","DDPHACYSTVFDK",13,"MS-Digest"
1,1738.8105,1739.9564,NA,387,401,1,"(K)DDPHACYSTVFDKLK(H)","DDPHACYSTVFDKLK",15,"MS-Digest"
1,1546.8952,1547.8493,NA,400,412,1,"(K)LKHLVDEPQNLIK(Q)","LKHLVDEPQNLIK",13,"MS-Digest"
1,1305.7161,1306.5136,NA,402,412,0,"(K)HLVDEPQNLIK(Q)","HLVDEPQNLIK",11,"MS-Digest"
1,2298.1183,2299.5832,NA,402,420,1,"(K)HLVDEPQNLIKQNCDQFEK(L)","HLVDEPQNLIKQNCDQFEK",19,"MS-Digest"
1,994.3935,995.0617,"1Gln->pyro-Glu",413,420,0,"(K)QNCDQFEK(L)","QNCDQFEK",8,"MS-Digest"
1,2455.1711,2456.7562,"1Gln->pyro-Glu",413,433,1,"(K)QNCDQFEKLGEYGFQNALIVR(Y)","QNCDQFEKLGEYGFQNALIVR",21,"MS-Digest"
1,1479.7954,1480.7173,NA,421,433,0,"(K)LGEYGFQNALIVR(Y)","LGEYGFQNALIVR",13,"MS-Digest"
1,1900.0076,1901.1889,NA,421,436,1,"(K)LGEYGFQNALIVRYTR(K)","LGEYGFQNALIVRYTR",16,"MS-Digest"
1,1639.9377,1640.9322,NA,437,451,1,"(R)KVPQVSTPTLVEVSR(S)","KVPQVSTPTLVEVSR",15,"MS-Digest"
1,1511.8428,1512.757,NA,438,451,0,"(K)VPQVSTPTLVEVSR(S)","VPQVSTPTLVEVSR",14,"MS-Digest"
1,1897.0753,1898.2236,NA,438,455,1,"(K)VPQVSTPTLVEVSRSLGK(V)","VPQVSTPTLVEVSRSLGK",18,"MS-Digest"
1,817.489,817.9693,NA,452,459,1,"(R)SLGKVGTR(C)","SLGKVGTR",8,"MS-Digest"
1,1465.6886,1466.6882,NA,456,468,1,"(K)VGTRCCTKPESER(M)","VGTRCCTKPESER",13,"MS-Digest"
1,1052.4499,1053.2082,NA,460,468,0,"(R)CCTKPESER(M)","CCTKPESER",9,"MS-Digest"
1,2701.2452,2703.1691,NA,460,482,1,"(R)CCTKPESERMPCTEDYLSLILNR(L)","CCTKPESERMPCTEDYLSLILNR",23,"MS-Digest"
1,1667.8131,1668.9837,NA,469,482,0,"(R)MPCTEDYLSLILNR(L)","MPCTEDYLSLILNR",14,"MS-Digest"
1,2490.2553,2492.0151,NA,469,489,1,"(R)MPCTEDYLSLILNRLCVLHEK(T)","MPCTEDYLSLILNRLCVLHEK",21,"MS-Digest"
1,841.46,842.0542,NA,483,489,0,"(R)LCVLHEK(T)","LCVLHEK",7,"MS-Digest"
1,1482.7985,1483.7809,NA,483,495,1,"(R)LCVLHEKTPVSEK(V)","LCVLHEKTPVSEK",13,"MS-Digest"
1,660.3563,660.7494,NA,490,495,0,"(K)TPVSEK(V)","TPVSEK",6,"MS-Digest"
1,988.5673,989.1637,NA,490,498,1,"(K)TPVSEKVTK(C)","TPVSEKVTK",9,"MS-Digest"
1,1352.6661,1353.612,NA,496,507,1,"(K)VTKCCTESLVNR(R)","VTKCCTESLVNR",12,"MS-Digest"
1,1024.455,1025.1977,NA,499,507,0,"(K)CCTESLVNR(R)","CCTESLVNR",9,"MS-Digest"
1,2829.3368,2831.2813,NA,499,523,1,"(K)CCTESLVNRRPCFSALTPDETYVPK(A)","CCTESLVNRRPCFSALTPDETYVPK",25,"MS-Digest"
1,1823.8996,1825.1064,NA,508,523,0,"(R)RPCFSALTPDETYVPK(A)","RPCFSALTPDETYVPK",16,"MS-Digest"
1,2414.1697,2415.744,NA,508,528,1,"(R)RPCFSALTPDETYVPKAFDEK(L)","RPCFSALTPDETYVPKAFDEK",21,"MS-Digest"
1,609.2879,609.6604,NA,524,528,0,"(K)AFDEK(L)","AFDEK",5,"MS-Digest"
1,2441.1693,2442.7669,NA,524,544,1,"(K)AFDEKLFTFHADICTLPDTEK(Q)","AFDEKLFTFHADICTLPDTEK",21,"MS-Digest"
1,1850.8993,1852.1292,NA,529,544,0,"(K)LFTFHADICTLPDTEK(Q)","LFTFHADICTLPDTEK",16,"MS-Digest"
1,2220.1369,2221.5964,NA,529,547,1,"(K)LFTFHADICTLPDTEKQIK(K)","LFTFHADICTLPDTEKQIK",19,"MS-Digest"
1,1142.7143,1143.4207,NA,548,557,1,"(K)KQTALVELLK(H)","KQTALVELLK",10,"MS-Digest"
1,997.5928,998.2149,"1Gln->pyro-Glu",549,557,0,"(K)QTALVELLK(H)","QTALVELLK",9,"MS-Digest"
1,1487.8944,1488.8247,"1Gln->pyro-Glu",549,561,1,"(K)QTALVELLKHKPK(A)","QTALVELLKHKPK",13,"MS-Digest"
1,1308.727,1309.5172,NA,558,568,1,"(K)HKPKATEEQLK(T)","HKPKATEEQLK",11,"MS-Digest"
1,818.4254,818.9074,NA,562,568,0,"(K)ATEEQLK(T)","ATEEQLK",7,"MS-Digest"
1,2199.1002,2200.5312,NA,562,580,1,"(K)ATEEQLKTVMENFVAFVDK(C)","ATEEQLKTVMENFVAFVDK",19,"MS-Digest"
1,1399.6926,1400.6465,NA,569,580,0,"(K)TVMENFVAFVDK(C)","TVMENFVAFVDK",12,"MS-Digest"
1,2105.9341,2107.446,NA,569,587,1,"(K)TVMENFVAFVDKCCAADDK(E)","TVMENFVAFVDKCCAADDK",19,"MS-Digest"
1,725.2593,725.8222,NA,581,587,0,"(K)CCAADDK(E)","CCAADDK",7,"MS-Digest"
1,1756.7339,1758.013,NA,581,597,1,"(K)CCAADDKEACFAVEGPK(L)","CCAADDKEACFAVEGPK",17,"MS-Digest"
1,1050.4925,1051.2136,NA,588,597,0,"(K)EACFAVEGPK(L)","EACFAVEGPK",10,"MS-Digest"
1,2034.0576,2035.3816,NA,588,607,1,"(K)EACFAVEGPKLVVSTQTALA(-)","EACFAVEGPKLVVSTQTALA",20,"MS-Digest"
1,1002.583,1003.1908,NA,598,607,0,"(K)LVVSTQTALA(-)","LVVSTQTALA",10,"MS-Digest"
